Tipo de incidente,Ubicación/Contexto,Verificación,Barrio,Fecha,Hora,Descripción,¿Secuestro por el estado?,Agencias involucradas,# de agentes,# de vehículos sin distintivos,Matrículas asociadas,Notas del mapa,Latitud,Longitud,Categoría de fecha,Clave de estilo
Redada,Lugar de trabajo o negocio,Confirmado,West University,11-Feb-2025,1:00 PM,Agentes de ICE/HSI visitaron un restaurante para preguntar sobre los empleados e intimidar al propietario con documentación plagada de errores.,Failed or Foiled Abduction(s),Servicio de Inmigración y Control de Aduanas (ICE) / Investigaciones de Seguridad Nacional (HSI) [parte de ICE],3,1+,CPH4967,,32.230988,-110.971769,Mayor de 6 meses,Redada_Mayor de 6 meses
Redada,Lugar de trabajo o negocio,Confirmado,South Tucson,18-Mar-2025,,"Operación de ICE/HSI en un negocio local con una orden judicial, en busca de documentos. Los agentes dijeron que fue motivada por una denuncia presentada a una base de datos nacional sobre el negocio.",Failed or Foiled Abduction(s),Servicio de Inmigración y Control de Aduanas (ICE) / Investigaciones de Seguridad Nacional (HSI) [parte de ICE],15,10+,"BNV1970, CRJ0909, CRJ0922, CTN4078, CTN4202, CWB7511, CWL6441, CWN3939, CWW1146",,32.199504,-110.976768,Mayor de 6 meses,Redada_Mayor de 6 meses
Parada de vehículos,Vía pública,Confirmado,East Barrio Hollywood,23-Apr-2025,1:20 PM,"Un agente del Departamento del Sheriff del Condado de Pima detuvo un vehículo por una infracción de tránsito. El agente solicitó refuerzos a la Patrulla Fronteriza. Un agente del ICE, vestido de civil, llegó al lugar después de la Patrulla Fronteriza y se marchó tras hablar con otros agentes. El agente del Sheriff indicó que la persona sería fichada por el Departamento del Sheriff del Condado de Pima. Posteriormente, llegó otro vehículo sin distintivos con dos agentes del Departamento de Policía de Tucson vestidos de civil. Al finalizar el incidente, uno de los agentes se marchó en el vehículo de la persona detenida.",Abduction(s) Occurred,"Patrulla Fronteriza de EE. UU., Servicio de Inmigración y Control de Aduanas (ICE), Departamento del Sheriff del Condado de Pima (PCSD), Departamento de Policía de Tucson (TPD)",6,2,CPH4874 (ICE); CWS9867 (TPD),,32.235204,-110.984443,Mayor de 6 meses,Parada de vehículos_Mayor de 6 meses
Parada de vehículos,Barrio residencial,Confirmado,Keeling,24-Apr-2025,6:30 AM,Búsqueda de un hombre llevada a cabo por ICE y al menos un agente de la DEA en vehículos sin distintivos en un vecindario.,Attempted Abduction(s) — Unknown Outcome,"Servicio de Inmigración y Control de Aduanas (ICE), Administración para el Control de Drogas (DEA)",7+,6,CBC9452; CTN4351; CWL6437; CWS5989; CWW1146,,32.255818,-110.969822,Mayor de 6 meses,Parada de vehículos_Mayor de 6 meses
Redada,Barrio residencial,Confirmado,Julia Keen,29-Apr-2025,,"Redada en una residencia privada en la que participaron ICE/HSI, la DEA y otras agencias.",Abduction(s) Occurred,Servicio de Inmigración y Control de Aduanas (ICE) / Investigaciones de Seguridad Nacional (HSI) [parte de ICE]; Administración para el Control de Drogas (DEA); Departamento de Policía de Tucson (TPD); Departamento de Policía de Sierra Vista (SVPD),Many,9+,CBC9510; CM58097; CM60189; CWB7597; CWG4407; CWW1164; CPH4886; CWN3813; CWP3302,,32.205306,-110.922353,Mayor de 6 meses,Redada_Mayor de 6 meses
Redada,Barrio residencial,Confirmado,Sabino Terrace,1-May-2025,7:00 PM,Gran redada en un complejo de apartamentos en la que participaron ICE/HSI y la Oficina de Aduanas y Protección Fronteriza de EE. UU. (posiblemente un equipo BORTAC de la Patrulla Fronteriza de EE. UU.).,Attempted Abduction(s) — Unknown Outcome,"Servicio de Inmigración y Control de Aduanas (ICE) / Investigaciones de Seguridad Nacional (HSI) [parte de ICE], Servicio de Aduanas y Protección Fronteriza de EE. UU. (posiblemente Patrulla Fronteriza de EE. UU.)",12+,12+,BHR1013; CWW1822,,32.294337,-110.820992,Mayor de 6 meses,Redada_Mayor de 6 meses
Parada de vehículos,Vía pública,Informe creíble pero no confirmado.,Wakefield,6-Oct-2025,12:19 PM,Control de vehículo con la participación de los alguaciles federales.,Attempted Abduction(s) — Unknown Outcome,"Alguaciles de EE. UU., posiblemente otras agencias",Unknown,N/A,,,32.179335,-110.977558,Hace 91–180 días,Parada de vehículos_Hace 91–180 días
Parada de vehículos,Vía pública,Confirmado,Cherry Avenue,14-Oct-2025,,Control de vehículo con participación de ICE. La persona objetivo y sus familiares fueron rociados con un agente químico por agentes de ICE desde un vehículo en movimiento.,Failed or Foiled Abduction(s),Servicio de Inmigración y Control de Aduanas (ICE),7+,7,"CWP3313, CWW1181, CWS9856",,32.163143,-110.954076,Hace 91–180 días,Parada de vehículos_Hace 91–180 días
Vigilancia/Reconocimiento,Barrio residencial,Confirmado,Flowing Wells,15-Oct-2025,8:47 AM,"Vehículo policial sin distintivos, previamente vinculado con ICE, realizando vigilancia en un complejo de apartamentos.",Attempted Abduction(s) — Unknown Outcome,Servicio de Inmigración y Control de Aduanas (ICE),Unknown,1,CWP3313,,32.261207,-110.995036,Hace 91–180 días,Vigilancia/Reconocimiento_Hace 91–180 días
Parada de vehículos,Zona comercial,Informe creíble pero no confirmado.,Sunset Villa,16-Oct-2025,8:05 PM,Operación policial desconocida en la que participan varios vehículos policiales sin distintivos.,Unknown or Not Applicable,Departamento de Policía de Tucson (TPD),Unknown,5+,,,32.179733,-110.982325,Hace 91–180 días,Parada de vehículos_Hace 91–180 días
Vigilancia/Reconocimiento,Barrio residencial,Informe creíble pero no confirmado.,Roger Park,17-Oct-2025,1:21 PM,Tres vehículos policiales sin distintivos vigilan un complejo de apartamentos que ha sido objetivo del ICE en otras ocasiones.,Attempted Abduction(s) — Unknown Outcome,Desconocido,3+,3,,,32.279253,-110.978159,Hace 91–180 días,Vigilancia/Reconocimiento_Hace 91–180 días
Desconocida / otra,Barrio residencial,Confirmado,Barrio Hollywood,21-Oct-2025,6:52 AM,Gran operación interinstitucional en una residencia privada.,Abduction(s) Occurred,"Servicio de Aduanas y Protección Fronteriza de EE. UU. (CBP), Administración para el Control de Drogas (DEA), Departamento de Seguridad Pública de Arizona (AZDPS), Departamento de Policía de Tucson (TPD) (incluido el equipo SWAT)",,11+,CM59643; CM56881; NZA9KW; CWL6422; CWW1023; CAA18V; CWS9750; S7A 0W2; CTN4394; CWP3428,,32.232598,-110.999534,Hace 91–180 días,Desconocida / otra_Hace 91–180 días
Parada de vehículos,Vía pública: Carretera,Confirmado,Flowing Wells,21-Oct-2025,4:10 PM,"Se produjo una parada de tráfico en la Interestatal I-10 en la que participaron varios agentes de paisano, al menos uno de ellos enmascarado. Varias personas fueron detenidas, pero se desconoce si alguna fue llevada a otro lugar. Vehículos del Departamento de Seguridad Pública de Arizona (AZDPS) con las luces de emergencia encendidas estaban apostados en las rampas de entrada y salida más cercanas.",Attempted Abduction(s) — Unknown Outcome,"Departamento de Seguridad Pública de Arizona (AZDPS), posiblemente Servicio de Inmigración y Control de Aduanas (ICE) y/u otras agencias",2+,5-6,,,32.289101,-111.025450,Hace 91–180 días,Parada de vehículos_Hace 91–180 días
Redada,Barrio residencial,Confirmado,Copper Vista,22-Oct-2025,2:18 PM,"Operación conjunta de varias agencias en una residencia privada, llevada a cabo por múltiples agentes vestidos de civil, con chalecos tácticos y máscaras faciales. Algunos agentes llevaban chalecos tácticos con la inscripción ""DEA"", mientras que otros llevaban chalecos sin identificación. Es posible que hayan participado el ICE y/u otras agencias.",Abduction(s) Occurred,"Administración para el Control de Drogas (DEA), posiblemente Servicio de Inmigración y Control de Aduanas (ICE) y/u otras agencias",7+,7,CWW1505; CWP3372; CWP3274; CWS9940; Unknown (CWG4407?); Unknown (CWW1164?),,32.141324,-110.95207,Hace 91–180 días,Redada_Hace 91–180 días
Parada de vehículos,Vía pública,Confirmado,Speedway and Silverbell,22-Oct-2025,5:05 PM,"Al menos cinco agentes, a bordo de tres vehículos sin distintivos, realizaron una parada de tráfico. Al menos tres de los agentes llevaban chalecos tácticos sobre ropa de civil, pero se negaron a identificarse y amenazaron a un vecino que documentaba el incidente. Un hombre fue arrestado y llevado a la fuerza, dejando su vehículo vacío en el lugar.",Abduction(s) Occurred,Desconocido,5+,3,CWS9945; CWS9933; CWW1548,,32.235178,-111.007531,Hace 91–180 días,Parada de vehículos_Hace 91–180 días
Desconocida / otra,Desconocido/Otro,Informe creíble pero no confirmado.,Barrio Santa Rosa,23-Oct-2025,12:10 PM,"Se reportó la presencia del Departamento de Policía de Tucson (TPD) y al menos un vehículo policial sin distintivos en la zona. Los observadores confirmaron la presencia de vehículos del TPD en el área, pero no observaron ninguna operación policial ni vehículos policiales sin distintivos.",Unknown or Not Applicable,"Departamento de Policía de Tucson (TPD), Servicio de Inmigración y Control de Aduanas (ICE) [sin confirmar]",Unknown,1,,,32.206784,-110.974643,Hace 91–180 días,Desconocida / otra_Hace 91–180 días
Parada de vehículos,Vía pública,Informe creíble pero no confirmado.,Speedway and Silverbell,23-Oct-2025,,Informe sobre presuntos agentes del ICE realizando controles de vehículos en la zona.,Attempted Abduction(s) — Unknown Outcome,Desconocido,Unknown,1+,,,32.235193,-111.007750,Hace 91–180 días,Parada de vehículos_Hace 91–180 días
Vigilancia aérea (aeronaves),Desconocido/Otro,Confirmado,"Coronado Heights, Keeling, Amphi, etc",23-Oct-2025,1:49 PM,El avión de vigilancia N51824 del DHS/CBP sobrevuela los vecindarios realizando patrones de vigilancia.,Unknown or Not Applicable,Departamento de Seguridad Nacional (DHS) / Aduanas y Protección Fronteriza de EE. UU. (CBP),Unknown,N/A,,,32.261222,-110.974197,Hace 91–180 días,Vigilancia aérea (aeronaves)_Hace 91–180 días
Vigilancia aérea (aeronaves),Desconocido/Otro,Confirmado,"Sugar Hill, Jefferson Park, Ocotillo Oracle, etc",23-Oct-2025,5:14 PM,Helicóptero de la CBP realizando patrones de vigilancia sobre los vecindarios,Unknown or Not Applicable,Servicio de Aduanas y Protección Fronteriza de Estados Unidos (CBP),Unknown,N/A,,,32.250345,-110.96107,Hace 91–180 días,Vigilancia aérea (aeronaves)_Hace 91–180 días
Parada de vehículos,Vía pública,Confirmado,Santa Cruz Southwest,23-Oct-2025,6:40 PM,Control de vehículo realizado por la Patrulla Fronteriza de EE. UU.,Attempted Abduction(s) — Unknown Outcome,Patrulla Fronteriza de EE. UU.,,N/A,,,32.177764,-111.003825,Hace 91–180 días,Parada de vehículos_Hace 91–180 días
Parada de vehículos,Vía pública: Carretera,Confirmado,Marana (near Vanderbilt),26-Oct-2025,5:10 PM,Control de vehículo en el que participaron la Patrulla Fronteriza de Estados Unidos y otra agencia policial desconocida.,Abduction(s) Occurred,Patrulla Fronteriza de EE. UU. y otra agencia policial desconocida.,,N/A,,,32.443728,-111.190084,Hace 91–180 días,Parada de vehículos_Hace 91–180 días
Parada de vehículos,Zona comercial,Confirmado,Airport Commerce Center,28-Oct-2025,,"Control de vehículo por parte de ICE/HSI. Agentes de ICE vestidos de civil con chalecos tácticos detuvieron y secuestraron a un hombre en el estacionamiento de un Walmart, dejando el vehículo ""fantasma"" de la persona secuestrada en el estacionamiento.",Abduction(s) Occurred,Servicio de Inmigración y Control de Aduanas (ICE) / Investigaciones de Seguridad Nacional (HSI) [parte de ICE],3+,N/A,,,32.147382,-110.934627,Hace 91–180 días,Parada de vehículos_Hace 91–180 días
Redada,Barrio residencial,Confirmado,Chattman's,28-Oct-2025,7:23 AM,"Operación policial conjunta de varias agencias, en la que participaron ICE/HSI, dirigida a una residencia privada.",Attempted Abduction(s) — Unknown Outcome,"Servicio de Inmigración y Control de Aduanas (ICE) / Investigaciones de Seguridad Nacional (HSI) [parte de ICE], Departamento de Seguridad Nacional (DHS), Alguaciles Federales de EE. UU., Departamento de Policía de South Tucson",15+,16,,,32.202671,-110.963860,Hace 91–180 días,Redada_Hace 91–180 días
Reuniones/Preparación,Zona comercial,Informe creíble pero no confirmado.,Flowing Wells,28-Oct-2025,11:38 AM,"Varios vehículos policiales sin distintivos y agentes armados apostados en un estacionamiento vacío. Según los informes, al menos un agente mostró una placa de los Alguaciles Federales a un testigo.",Attempted Abduction(s) — Unknown Outcome,Alguaciles de los Estados Unidos,7-10+,7-10,,,32.271799,-110.994674,Hace 91–180 días,Reuniones/Preparación_Hace 91–180 días
Reuniones/Preparación,Zona comercial,Confirmado,Sunnyslope,3-Nov-2025,9:42 AM,Varios vehículos policiales sin distintivos y agentes de paisano se preparan para una operación desconocida.,Unknown or Not Applicable,Desconocido,7-8,5-6,NDA 7CB; AZY8747; DXD-T83 (CO),,32.365351,-110.969637,Hace 91–180 días,Reuniones/Preparación_Hace 91–180 días
Parada de vehículos,Barrio residencial,Confirmado,Bentley Parke MHC,8-Nov-2025,10:57 AM,Agentes de ICE/HSI detuvieron el vehículo tras seguirlo desde el estacionamiento de un Walmart hasta su domicilio. Dos personas fueron secuestradas.,Abduction(s) Occurred,Servicio de Inmigración y Control de Aduanas (ICE) / Investigaciones de Seguridad Nacional (HSI) [parte de ICE],4+,1+,,,32.152438,-110.924202,Hace 91–180 días,Parada de vehículos_Hace 91–180 días
Redada,Barrio residencial,Confirmado,"Adelanto, Barrio Blue Moon",19-Nov-2025,12:52 PM,"Operación policial conjunta de varias agencias, en la que participó ICE/HSI, dirigida a una residencia privada.",Abduction(s) Occurred,ICE/HSI; Oficina de Servicios de Justicia de la Oficina de Asuntos Indígenas; Departamento de Policía Pascua Yaqui,,,,,32.244877,-110.982214,Hace 91–180 días,Redada_Hace 91–180 días
Parada de vehículos,Vía pública,Confirmado,Alvernon Corners Industrial Center,22-Nov-2025,6:51 PM,Control vehicular realizado por al menos tres vehículos patrulla fronterizos identificados.,Attempted Abduction(s) — Unknown Outcome,Patrulla Fronteriza de EE. UU.,3+,N/A,,,32.175545,-110.910711,Hace 91–180 días,Parada de vehículos_Hace 91–180 días
Redada,Lugar de trabajo o negocio,Confirmado,Miracle Manor,10-Dec-2025,,"Gran redada interinstitucional contra una empresa de transporte por carretera, liderada por ICE/HSI.",Abduction(s) Occurred,Servicio de Inmigración y Control de Aduanas (ICE) / Investigaciones de Seguridad Nacional (HSI) [parte de ICE],30+,21+,,,32.261087,-110.992145,Hace 91–180 días,Redada_Hace 91–180 días
Vigilancia aérea (aeronaves),Desconocido/Otro,Confirmado,"South Park, South Tucson, Fairgrounds, etc",12-Dec-2025,11:37 AM,Avión de vigilancia del DHS/CBP (ya sea N674TC o N51824) realizando una operación de vigilancia sobre vecindarios.,Unknown or Not Applicable,Departamento de Seguridad Nacional (DHS) / Aduanas y Protección Fronteriza de EE. UU. (CBP),1 at least,N/A,,,32.187104,-110.956146,Hace 91–180 días,Vigilancia aérea (aeronaves)_Hace 91–180 días
Vigilancia/Reconocimiento,Zona comercial,Confirmado,South Park (Tucson Marketplace),12-Dec-2025,2:50 PM,"Se sospecha que agentes del ICE u otros agentes federales realizaban una vigilancia en el estacionamiento de un Walmart. Sin embargo, no había ningún observador presente.",Attempted Abduction(s) — Unknown Outcome,Desconocido (probablemente el Servicio de Inmigración y Control de Aduanas [ICE]),1-3+,2,CWP3274; CMG7834,,32.186083,-110.951456,Hace 91–180 días,Vigilancia/Reconocimiento_Hace 91–180 días
Parada de vehículos,Barrio residencial,Informe creíble pero no confirmado.,Drexel Park,15-Dec-2025,8:30 AM,Informes no confirmados indican que agentes del ICE con chalecos tácticos detuvieron vehículos tras seguir a personas desde un complejo de apartamentos. Al menos una persona habría sido detenida y secuestrada.,Abduction(s) Occurred,Servicio de Inmigración y Control de Aduanas (ICE) [sin confirmar],10+ (reported),2+,,,32.148597,-110.956130,Hace 91–180 días,Parada de vehículos_Hace 91–180 días
Parada de vehículos,Vía pública,Informe creíble pero no confirmado.,Las Vistas,16-Dec-2025,11:54 AM,Agentes desconocidos detuvieron dos camionetas SUV negras sin distintivos. Un testigo informó que dos personas fueron detenidas y secuestradas.,Abduction(s) Occurred,Desconocido,2+,2+,,,32.191010,-110.926500,Hace 91–180 días,Parada de vehículos_Hace 91–180 días
Parada de vehículos,Vía pública,Confirmado,"Sunnyside, Southland Park",19-Dec-2025,,Al menos dos agentes del ICE detuvieron un vehículo sin distintivos. Una persona fue detenida y secuestrada de un camión de trabajo.,Abduction(s) Occurred,Servicio de Inmigración y Control de Aduanas (ICE),2,1,CWS9801,,32.141316,-110.961616,Hace 91–180 días,Parada de vehículos_Hace 91–180 días
Parada de vehículos,Parque público,Informe creíble pero no confirmado.,Flowing Wells,29-Dec-2025,11:46 AM,Al menos cuatro agentes del ICE (Servicio de Inmigración y Control de Aduanas) detuvieron un vehículo en dos coches sin distintivos. Un hombre que viajaba en una camioneta de trabajo fue detenido y secuestrado.,Abduction(s) Occurred,Servicio de Inmigración y Control de Aduanas (ICE),4 (reported),2,,,32.268226,-110.987119,Hace 61-90 días,Parada de vehículos_Hace 61-90 días
Parada de vehículos,Vía pública,Confirmado,South Park,31-Dec-2025,9:29 AM,Control vehicular realizado por al menos dos agentes de ICE en un vehículo sin distintivos. Al menos una persona fue detenida y secuestrada.,Abduction(s) Occurred,Servicio de Inmigración y Control de Aduanas (ICE),2+,1,,,32.199671,-110.955845,Hace 61-90 días,Parada de vehículos_Hace 61-90 días
Parada de vehículos,Barrio residencial,Informe creíble pero no confirmado.,Bravo Park Lane,7-Jan-2026,11:57 AM,"Agentes del ICE, presuntamente en vehículos sin distintivos, siguieron a una pareja en su automóvil hasta un complejo de apartamentos. Las personas buscadas lograron entrar al edificio a salvo, pero los vehículos sin distintivos seguían merodeando afuera cuando llegaron los observadores de respuesta rápida.",Attempted Abduction(s) — Unknown Outcome,Servicio de Inmigración y Control de Aduanas (ICE),2+,2,,,32.163162,-110.953069,Hace 61-90 días,Parada de vehículos_Hace 61-90 días
Vigilancia/Reconocimiento,Barrio residencial,Confirmado,Drexel Park,9-Jan-2026,1:47 PM,Vigilancia de una residencia/persona por agentes en vehículos sin distintivos,Failed or Foiled Abduction(s),"Servicio de Inmigración y Control de Aduanas (ICE), Alguaciles Federales de EE. UU., Patrulla Fronteriza de EE. UU., Departamento de Policía de Oro Valley. Todos involucrados en la operación, no se sabe con certeza cuáles participaron ese día.",,1+,,,32.155996,-110.960439,Hace 61-90 días,Vigilancia/Reconocimiento_Hace 61-90 días
Parada de vehículos,Zona comercial,Confirmado,Wakefield,11-Jan-2026,8:16 AM,Control de vehículo en el estacionamiento de un supermercado realizado por al menos cuatro agentes del ICE. Al menos una persona fue secuestrada.,Abduction(s) Occurred,Servicio de Inmigración y Control de Aduanas (ICE),4+,2,CTN4125,,32.186112,-110.969634,Hace 61-90 días,Parada de vehículos_Hace 61-90 días
Parada de vehículos,Zona comercial,Confirmado,Amphi,12-Jan-2026,11:32 AM,"Agentes del ICE realizaron una parada de vehículos dirigida a dos vehículos. Una persona fue secuestrada, otra fue detenida pero puesta en libertad.",Abduction(s) Occurred,Servicio de Inmigración y Control de Aduanas (ICE),2+,1,,,32.272503,-110.977807,Hace 61-90 días,Parada de vehículos_Hace 61-90 días
Vigilancia/Reconocimiento,Barrio residencial,Confirmado,Drexel Park,12-Jan-2026,11:40 AM,Varios vehículos sin distintivos realizaban labores de vigilancia en un vecindario. La persona objetivo había sido seguida hasta su trabajo el día anterior.,Failed or Foiled Abduction(s),"El Servicio de Inmigración y Control de Aduanas (ICE), los Alguaciles Federales de EE. UU., la Patrulla Fronteriza de EE. UU. y el Departamento de Policía de Oro Valley también participaron en esta operación.",4+,4+,CWW1873; CWN3804; CPH4705; CWD1071,,32.156205,-110.960552,Hace 61-90 días,Vigilancia/Reconocimiento_Hace 61-90 días
Vigilancia/Reconocimiento,Barrio residencial,Informe creíble pero no confirmado.,Los Ranchitos,12-Jan-2026,12:25 PM,Agentes desconocidos llaman a las puertas de un complejo de apartamentos.,Attempted Abduction(s) — Unknown Outcome,Desconocido,Unknown,N/A,,,32.141280,-110.943455,Hace 61-90 días,Vigilancia/Reconocimiento_Hace 61-90 días
Vigilancia/Reconocimiento,Zona comercial,Confirmado,Cherry Avenue,12-Jan-2026,3:37 PM,Agentes del ICE en vehículos sin distintivos buscando en el estacionamiento de un centro comercial/supermercado.,Failed or Foiled Abduction(s),,2+,4,CM59515; CWL6184; CML8455; CM59586,,32.162017,-110.941821,Hace 61-90 días,Vigilancia/Reconocimiento_Hace 61-90 días
Parada de vehículos,Vía pública: Carretera,Confirmado,Flowing Wells,13-Jan-2026,,Control de vehículo en carretera realizado por la Patrulla Fronteriza,Attempted Abduction(s) — Unknown Outcome,Patrulla Fronteriza de EE. UU.,2+,N/A,,,32.283333,-111.019972,Hace 61-90 días,Parada de vehículos_Hace 61-90 días
Vigilancia/Reconocimiento,Barrio residencial,Confirmado,"Linden Terrace, El Cortez",14-Jan-2026,9:28 AM,Agentes de ICE/HSI y posiblemente oficiales de otras agencias vigilando un complejo de apartamentos.,Failed or Foiled Abduction(s),"Servicio de Inmigración y Control de Aduanas (ICE) / Investigaciones de Seguridad Nacional (HSI) [parte de ICE], posiblemente otras agencias",5+,5 (reported),CWP3465; CTN4417; VUW-954-C (Sonora plate),,32.245672,-110.961042,Hace 61-90 días,Vigilancia/Reconocimiento_Hace 61-90 días
Vigilancia/Reconocimiento,Barrio residencial,Confirmado,Drexel Park,15-Jan-2026,9:55 AM,Vehículos sin distintivos realizando vigilancia de una residencia/persona,Abduction(s) Occurred,"Los alguaciles federales, la Patrulla Fronteriza (incluida la unidad táctica BORTAC) y el Departamento de Policía de Oro Valley (con al menos una unidad canina) participaron en la redada realizada ese mismo día, relacionada con esta vigilancia. Según los informes, el Servicio de Inmigración y Control de Aduanas (ICE) intervino tras la detención de la persona.",2-3+ (more later),2-3,,,32.156603,-110.961404,Hace 61-90 días,Vigilancia/Reconocimiento_Hace 61-90 días
Redada,Barrio residencial,Confirmado,Tres Pueblos,15-Jan-2026,11:08 AM,"Gran operación conjunta de varias agencias, en la que participaron los Alguaciles Federales de EE. UU., la Patrulla Fronteriza de EE. UU. (en particular la unidad táctica BORTAC) y el Departamento de Policía de Oro Valley (con al menos un agente canino), tuvo como objetivo a un individuo en una residencia privada. Una persona fue detenida y secuestrada.",Abduction(s) Occurred,"Alguaciles federales de EE. UU.; Patrulla Fronteriza de EE. UU. (incluida la unidad táctica BORTAC); Departamento de Policía de Oro Valley (al menos una unidad canina). Según los informes, el Servicio de Inmigración y Control de Aduanas (ICE) estuvo involucrado después de que la persona fue arrestada.",Many,13+,TDA 11B; CWW1227; CWL6307; CG-72974; 3GA 7JB; CND5573; CPH4950; T71 9MH; CWW1460; BNV1684; BND7129; CM58082,,32.145285,-110.942377,Hace 61-90 días,Redada_Hace 61-90 días
Vigilancia aérea (aeronaves),Desconocido/Otro,Confirmado,"Keeling, Coronado Heights, Amphi, Mountain View, Mountain 1st Avenue",16-Jan-2026,7:51 AM,"El helicóptero de vigilancia N370SR, operado por el DHS/CBP, realiza una operación de vigilancia sobre los vecindarios.",Unknown or Not Applicable,Departamento de Seguridad Nacional (DHS) / Aduanas y Protección Fronteriza de EE. UU. (CBP),Unknown,N/A,,,32.258852,-110.966581,Hace 61-90 días,Vigilancia aérea (aeronaves)_Hace 61-90 días
Parada de vehículos,Zona comercial,Confirmado,Amphi,16-Jan-2026,11:45 AM,Control de vehículo realizado por ICE en el que un hombre fue secuestrado. Los agentes del Departamento de Policía de Tampa (TPD) presentes en el lugar hicieron la vista gorda mientras los agentes de ICE inmovilizaban por la fuerza a la persona en el suelo.,Abduction(s) Occurred,Servicio de Inmigración y Control de Aduanas (ICE); Departamento de Policía de Tucson (TPD),7+,2+,,,32.272615,-110.977867,Hace 61-90 días,Parada de vehículos_Hace 61-90 días
Reuniones/Preparación,Desconocido/Otro,Confirmado,Shaheen Estates,16-Jan-2026,3:10 PM,"Agentes del ICE, los alguaciles federales y el Departamento de Policía de Oro Valley se preparan para una operación desconocida detrás de un supermercado.",Attempted Abduction(s) — Unknown Outcome,"Servicio de Inmigración y Control de Aduanas (ICE), Alguaciles Federales de EE. UU., Departamento de Policía de Oro Valley",9+,9+,CWN3804; 9SKK335; CWS9921; CWW1739; CWW1460,,32.258538,-110.941941,Hace 61-90 días,Reuniones/Preparación_Hace 61-90 días
Parada de vehículos,Zona comercial,Informe creíble pero no confirmado.,South Park (Tucson Marketplace),18-Jan-2026,8:37 AM,Agentes del ICE en tres vehículos sin distintivos buscando en un centro comercial,Attempted Abduction(s) — Unknown Outcome,Servicio de Inmigración y Control de Aduanas (ICE),6+,3,,,32.181632,-110.947227,Hace 61-90 días,Parada de vehículos_Hace 61-90 días
Parada de vehículos,Zona comercial,Confirmado,Wakefield,18-Jan-2026,12:59 PM,Agentes del ICE en vehículos sin distintivos buscaban personas en el estacionamiento del El Super. Al menos una persona fue detenida pero puesta en libertad.,Failed or Foiled Abduction(s),Servicio de Inmigración y Control de Aduanas (ICE),5+,4,CWD1071; CTN4078; CTN4125; BWX6104,,32.186019,-110.970292,Hace 61-90 días,Parada de vehículos_Hace 61-90 días
Vigilancia/Reconocimiento,Barrio residencial,Confirmado,Dietz,19-Jan-2026,,"Agentes del ICE en vehículos sin distintivos buscaban personas en tres complejos de apartamentos en la zona. Finalmente, no se reportó ningún secuestro.",Failed or Foiled Abduction(s),Servicio de Inmigración y Control de Aduanas (ICE) / Investigaciones de Seguridad Nacional (HSI) [parte de ICE],1+,4+,,,32.206309,-110.836685,Hace 61-90 días,Vigilancia/Reconocimiento_Hace 61-90 días
Parada de vehículos,Vía pública,Confirmado,Carriage Park,19-Jan-2026,9:21 AM,"Agentes del ICE enmascarados realizaron una parada de vehículo en dos o más vehículos sin distintivos. Según los informes, dos personas fueron detenidas y secuestradas.",Abduction(s) Occurred,Servicio de Inmigración y Control de Aduanas (ICE),2+,2,,,32.222427,-110.823514,Hace 61-90 días,Parada de vehículos_Hace 61-90 días
Vigilancia/Reconocimiento,Barrio residencial,Informe creíble pero no confirmado.,Circle Mobile Home Park,19-Jan-2026,,"Se reportó que vehículos sospechosos del ICE merodeaban cerca de un parque de casas móviles, posiblemente buscando a alguien cuyo familiar habían secuestrado recientemente.",Attempted Abduction(s) — Unknown Outcome,Servicio de Inmigración y Control de Aduanas (ICE),Unknown,1+,,,32.260320,-110.991035,Hace 61-90 días,Vigilancia/Reconocimiento_Hace 61-90 días
Vigilancia/Reconocimiento,Barrio residencial,Informe creíble pero no confirmado.,Circle Mobile Home Park,20-Jan-2026,,"Se reportó que vehículos sospechosos del ICE merodeaban cerca de un parque de casas móviles, posiblemente buscando a alguien cuyo familiar habían secuestrado recientemente.",Attempted Abduction(s) — Unknown Outcome,Servicio de Inmigración y Control de Aduanas (ICE),Unknown,1+,,,32.260984,-110.990470,Hace 61-90 días,Vigilancia/Reconocimiento_Hace 61-90 días
Vigilancia/Reconocimiento,Protesta/Manifestación,Confirmado,Downtown,20-Jan-2026,5:56 PM,Agente del ICE en vehículo sin distintivos vigilando la protesta,Unknown or Not Applicable,Servicio de Inmigración y Control de Aduanas (ICE),1,1+,CWS9750,,32.221984,-110.970206,Hace 61-90 días,Vigilancia/Reconocimiento_Hace 61-90 días
Vigilancia/Reconocimiento,Zona comercial,Informe creíble pero no confirmado.,Saguaro Vista Shopping Center,21-Jan-2026,,Al menos dos agentes del ICE fueron vistos saliendo de un vehículo sin distintivos y mirando dentro de una camioneta estacionada y desocupada antes de irse.,Failed or Foiled Abduction(s),Servicio de Inmigración y Control de Aduanas (ICE),2,1,,,32.235276,-110.825186,Hace 61-90 días,Vigilancia/Reconocimiento_Hace 61-90 días
Vigilancia/Reconocimiento,Barrio residencial,Informe creíble pero no confirmado.,Circle Mobile Home Park,21-Jan-2026,3:05 PM,"Se reportó que vehículos sospechosos del ICE merodeaban cerca de un parque de casas móviles, posiblemente buscando a alguien cuyo familiar habían secuestrado recientemente.",Attempted Abduction(s) — Unknown Outcome,Desconocido,Unknown,1+,,,32.260220,-110.990764,Hace 61-90 días,Vigilancia/Reconocimiento_Hace 61-90 días
Vigilancia/Reconocimiento,Zona comercial,Informe creíble pero no confirmado.,El Con Mall,22-Jan-2026,10:00 AM,Dos vehículos sin distintivos con agentes enmascarados fueron observados en el estacionamiento de un Home Depot. Se desconoce el desenlace.,Attempted Abduction(s) — Unknown Outcome,Desconocido,5+,2,,,32.224758,-110.914416,Hace entre 31 y 60 días,Vigilancia/Reconocimiento_Hace entre 31 y 60 días
Desconocida / otra,Vía pública,Confirmado,Los Ranchitos,22-Jan-2026,11:23 AM,"Operación desconocida en la que participan ICE, AZDPS, TPD y posiblemente otras agencias.",Unknown or Not Applicable,"Servicio de Inmigración y Control de Aduanas (ICE), Departamento de Seguridad Pública de Arizona (AZDPS), Departamento de Policía de Tucson (TPD)",10+,6+,8PA 5DE; CWC9762,,32.136934,-110.942195,Hace entre 31 y 60 días,Desconocida / otra_Hace entre 31 y 60 días
Parada de vehículos,Zona comercial,Confirmado,Kino Gateway,23-Jan-2026,6:40 AM,"Agentes del ICE detuvieron e interrogaron a un empleado municipal en una tienda de conveniencia. Los agentes le pidieron identificación y, cuando el hombre regresó a su vehículo de trabajo, los agentes notaron un logotipo de la ciudad de Tucson (la persona investigada era un empleado municipal) y se marcharon.",Failed or Foiled Abduction(s),Servicio de Inmigración y Control de Aduanas (ICE),5,2+,,,32.163698,-110.937308,Hace entre 31 y 60 días,Parada de vehículos_Hace entre 31 y 60 días
Parada de vehículos,Vía pública,Confirmado,Naylor,23-Jan-2026,9:22 AM,Control de vehículo realizado por al menos cuatro agentes enmascarados que vestían chalecos tácticos del ICE. Se desconoce si hubo algún secuestro.,Attempted Abduction(s) — Unknown Outcome,Servicio de Inmigración y Control de Aduanas (ICE),4+,2+,CBC9452,,32.206542,-110.892482,Hace entre 31 y 60 días,Parada de vehículos_Hace entre 31 y 60 días
Parada de vehículos,Vía pública,Informe creíble pero no confirmado.,"Stella Mann, Carson Corner",23-Jan-2026,10:40 AM,"Control de vehículo realizado por ICE. Al menos una persona fue detenida, pero se desconoce si ella u otras personas fueron secuestradas.",Attempted Abduction(s) — Unknown Outcome,Desconocido,Unknown,N/A,,,32.184705,-110.840892,Hace entre 31 y 60 días,Parada de vehículos_Hace entre 31 y 60 días
Parada de vehículos,Lugar de trabajo o negocio,Confirmado,La Plaza Shoppes,23-Jan-2026,,Agentes del ICE detuvieron y secuestraron a un trabajador de un restaurante cuando llegaba a su trabajo.,Abduction(s) Occurred,Servicio de Inmigración y Control de Aduanas (ICE),2+,2+,CTN4078; CTN4125,,32.245722,-110.852850,Hace entre 31 y 60 días,Parada de vehículos_Hace entre 31 y 60 días
Parada de vehículos,Vía pública,Confirmado,"Barrio Santa Rosa, Santa Rita Park",23-Jan-2026,10:58 AM,,Abduction(s) Occurred,Servicio de Inmigración y Control de Aduanas (ICE),3,3+,CTN4078; CTN4125; CBC9452; CWW1453,,32.206853,-110.973718,Hace entre 31 y 60 días,Parada de vehículos_Hace entre 31 y 60 días
Parada de vehículos,Oficina del Gobierno,Confirmado,Amphi,23-Jan-2026,11:01 AM,,Abduction(s) Occurred,ICE y/o Patrulla Fronteriza (ver declaración jurada),3+,3+,CWH4432; CWP3086,,32.265469,-110.975668,Hace entre 31 y 60 días,Parada de vehículos_Hace entre 31 y 60 días
Parada de vehículos,Vía pública,Confirmado,Stella Mann,23-Jan-2026,12:04 PM,Agentes del ICE realizaron una parada de vehículo en al menos un vehículo sin distintivos. Una mujer fue arrestada y su vehículo quedó allí.,Abduction(s) Occurred,Servicio de Inmigración y Control de Aduanas (ICE),3+,1+,CTN4125,,32.188036,-110.841160,Hace entre 31 y 60 días,Parada de vehículos_Hace entre 31 y 60 días
Vigilancia/Reconocimiento,Escuela,Informe creíble pero no confirmado.,Barrio Viejo,27-Jan-2026,1:45 PM,Se reportó la presencia de vehículos sospechosos de pertenecer al ICE merodeando cerca de una escuela.,Unknown or Not Applicable,Servicio de Inmigración y Control de Aduanas (ICE) [sin confirmar],Unknown,1+,,,32.215813,-110.974328,Hace entre 31 y 60 días,Vigilancia/Reconocimiento_Hace entre 31 y 60 días
Vigilancia/Reconocimiento,Barrio residencial,Informe creíble pero no confirmado.,Dietz,27-Jan-2026,1:45 PM,Se reportaron vehículos sospechosos del ICE merodeando cerca de un complejo de apartamentos. No se reportaron secuestros.,Attempted Abduction(s) — Unknown Outcome,Servicio de Inmigración y Control de Aduanas (ICE) [sin confirmar],Unknown,N/A,,,32.202704,-110.837149,Hace entre 31 y 60 días,Vigilancia/Reconocimiento_Hace entre 31 y 60 días
Parada de vehículos,Vía pública,Confirmado,Barrio Hollywood,28-Jan-2026,12:00 PM,"Un agente de la Patrulla Fronteriza de EE. UU. y otro agente de una agencia desconocida, ambos vestidos de civil, detuvieron el vehículo. Dos personas fueron secuestradas.",Abduction(s) Occurred,Patrulla Fronteriza de EE. UU.,2,2,CWL6344; CWP3456,,32.234793,-110.986304,Hace entre 31 y 60 días,Parada de vehículos_Hace entre 31 y 60 días
Parada de vehículos,Barrio residencial,Informe creíble pero no confirmado.,Los Ranchitos,29-Jan-2026,8:38 AM,Control de vehículo realizado por agentes del ICE en el que una persona fue secuestrada.,Abduction(s) Occurred,Desconocido,Unknown,1+,,,32.139416,-110.943465,Hace entre 31 y 60 días,Parada de vehículos_Hace entre 31 y 60 días
Parada de vehículos,Zona comercial,Informe creíble pero no confirmado.,Midvale Park,29-Jan-2026,12:36 PM,Control de un vehículo por parte del ICE en el que un trabajador fue detenido y secuestrado.,Abduction(s) Occurred,Servicio de Inmigración y Control de Aduanas (ICE),Unknown,1+,,,32.161286,-110.987897,Hace entre 31 y 60 días,Parada de vehículos_Hace entre 31 y 60 días
Vigilancia/Reconocimiento,Zona comercial,Informe creíble pero no confirmado.,Wakefield,29-Jan-2026,12:52 PM,Agentes del ICE en vehículos sin distintivos fueron vistos buscando en un supermercado.,Attempted Abduction(s) — Unknown Outcome,Servicio de Inmigración y Control de Aduanas (ICE),Unknown,2 (at least),,,32.186016,-110.969654,Hace entre 31 y 60 días,Vigilancia/Reconocimiento_Hace entre 31 y 60 días
Desconocida / otra,Zona comercial,Confirmado,El Con Mall,29-Jan-2026,3:04 PM,Vehículo y agentes de la Patrulla Fronteriza avistados en un Home Depot.,Attempted Abduction(s) — Unknown Outcome,Patrulla Fronteriza de EE. UU.,3+,N/A,,,32.224091,-110.913091,Hace entre 31 y 60 días,Desconocida / otra_Hace entre 31 y 60 días
Parada de vehículos,Zona comercial,Confirmado,Barrio Hollywood,30-Jan-2026,8:30 AM,Control de vehículo realizado por varios agentes enmascarados del ICE en el que un hombre fue detenido pero puesto en libertad.,Failed or Foiled Abduction(s),Servicio de Inmigración y Control de Aduanas (ICE),Multiple,4-5,,,32.235193,-111.003243,Hace entre 31 y 60 días,Parada de vehículos_Hace entre 31 y 60 días
Parada de vehículos,Zona comercial,Confirmado,South Park (Tucson Marketplace),30-Jan-2026,9:19 AM,"Al menos tres agentes enmascarados del ICE realizaron una parada de vehículo en un Walmart, en la que un hombre fue detenido y secuestrado.",Abduction(s) Occurred,Servicio de Inmigración y Control de Aduanas (ICE),3+,N/A,,,32.186141,-110.952033,Hace entre 31 y 60 días,Parada de vehículos_Hace entre 31 y 60 días
Parada de vehículos,Zona comercial,Confirmado,Wakefield,31-Jan-2026,7:59 AM,Agentes del ICE enmascarados realizaron una parada de vehículo en un supermercado. Una persona fue detenida y secuestrada.,Abduction(s) Occurred,Servicio de Inmigración y Control de Aduanas (ICE),3-4,2,,,32.186421,-110.970611,Hace entre 31 y 60 días,Parada de vehículos_Hace entre 31 y 60 días
Parada de vehículos,Zona comercial,Confirmado,South Tucson,31-Jan-2026,9:35 AM,Tres agentes enmascarados del ICE detuvieron un vehículo en el estacionamiento de un McDonald's. Una persona fue detenida y secuestrada.,Abduction(s) Occurred,Servicio de Inmigración y Control de Aduanas (ICE),3,2,,,32.199183,-110.967864,Hace entre 31 y 60 días,Parada de vehículos_Hace entre 31 y 60 días
Parada de vehículos,Vía pública,Informe creíble pero no confirmado.,"Eastland Heights, Barrio San Antonio",31-Jan-2026,11:14 AM,"Agentes del ICE realizaron una parada de vehículo. Según los informes, un hombre fue detenido y secuestrado.",Abduction(s) Occurred,Servicio de Inmigración y Control de Aduanas (ICE),4,2,,,32.216395,-110.945090,Hace entre 31 y 60 días,Parada de vehículos_Hace entre 31 y 60 días
Vigilancia/Reconocimiento,Zona comercial,Confirmado,Wakefield,31-Jan-2026,12:29 PM,Agentes del ICE en al menos dos vehículos sin distintivos fueron vistos cazando en el estacionamiento de un supermercado. La respuesta de la comunidad evitó cualquier secuestro.,Failed or Foiled Abduction(s),"El Servicio de Inmigración y Control de Aduanas (ICE), el Departamento de Policía de Tucson (TPD) y el TPD del sur de Tucson llegaron más tarde.",5+,2,,,32.186269,-110.970347,Hace entre 31 y 60 días,Vigilancia/Reconocimiento_Hace entre 31 y 60 días
Vigilancia/Reconocimiento,Zona comercial,Informe creíble pero no confirmado.,Wakefield,1-Feb-2026,6:52 AM,Agentes del ICE buscando en el estacionamiento de un supermercado y acosando a un guardia de seguridad.,Attempted Abduction(s) — Unknown Outcome,Servicio de Inmigración y Control de Aduanas (ICE),Unknown,1+,,,32.186122,-110.969915,Hace entre 31 y 60 días,Vigilancia/Reconocimiento_Hace entre 31 y 60 días
Parada de vehículos,Vía pública,Informe creíble pero no confirmado.,Sunnyside,1-Feb-2026,9:53 AM,"Agentes del ICE realizaron una parada de vehículo. Según los informes, una familia con niños fue detenida; se desconoce si alguien fue secuestrado.",Attempted Abduction(s) — Unknown Outcome,Servicio de Inmigración y Control de Aduanas (ICE),Unknown,2,CTN4125; CTN4078,,32.148662,-110.977548,Hace entre 31 y 60 días,Parada de vehículos_Hace entre 31 y 60 días
Vigilancia/Reconocimiento,Zona comercial,Informe creíble pero no confirmado.,Wakefield,4-Feb-2026,2:02 PM,Dos vehículos sin distintivos del ICE fueron vistos buscando en el estacionamiento de un supermercado.,Attempted Abduction(s) — Unknown Outcome,Servicio de Inmigración y Control de Aduanas (ICE),Multiple,2,,,32.186682,-110.972199,Hace entre 31 y 60 días,Vigilancia/Reconocimiento_Hace entre 31 y 60 días
Vigilancia/Reconocimiento,Zona comercial,Informe creíble pero no confirmado.,Wakefield,4-Feb-2026,9:04 PM,Agentes del ICE vigilando el estacionamiento de un supermercado,Attempted Abduction(s) — Unknown Outcome,Servicio de Inmigración y Control de Aduanas (ICE),Unknown,1+,,,32.185878,-110.969685,Hace entre 31 y 60 días,Vigilancia/Reconocimiento_Hace entre 31 y 60 días
Parada de vehículos,Vía pública,Confirmado,"Irvington, Riverfront Plaza, Casitas Del Sol",5-Feb-2026,7:20 AM,"Control de vehículo realizado por agentes de ICE/HSI en el que, según se informa, al menos una persona fue detenida.",Abduction(s) Occurred,Servicio de Inmigración y Control de Aduanas (ICE) / Investigaciones de Seguridad Nacional (HSI) [parte de ICE],3+,,,,32.163194,-110.991504,Hace entre 31 y 60 días,Parada de vehículos_Hace entre 31 y 60 días
Vigilancia/Reconocimiento,Lugar de trabajo o negocio,Informe creíble pero no confirmado.,Millville,5-Feb-2026,9:40 AM,Agente del ICE busca a una persona en una obra de construcción. Se desconoce el resultado.,Attempted Abduction(s) — Unknown Outcome,Desconocido,1,1,,,32.209484,-110.956216,Hace entre 31 y 60 días,Vigilancia/Reconocimiento_Hace entre 31 y 60 días
Vigilancia/Reconocimiento,Barrio residencial,Confirmado,Dietz,6-Feb-2026,7:18 AM,Agentes del ICE en al menos dos vehículos sin distintivos fueron vistos buscando en un complejo de apartamentos. La respuesta de la comunidad evitó cualquier secuestro conocido.,Failed or Foiled Abduction(s),Servicio de Inmigración y Control de Aduanas (ICE),2+,2 at least,CTN4078,,32.204731,-110.838488,Hace entre 31 y 60 días,Vigilancia/Reconocimiento_Hace entre 31 y 60 días
Parada de vehículos,Zona comercial,Confirmado,Flowing Wells,6-Feb-2026,9:45 AM,"Agentes del ICE, a bordo de al menos dos vehículos sin distintivos, siguieron a una persona hasta un establecimiento comercial, esperaron afuera mientras la persona estaba dentro y luego la emboscaron cuando salió. Una persona fue detenida y secuestrada.",Abduction(s) Occurred,El Servicio de Inmigración y Control de Aduanas (ICE) y el Departamento de Policía de Tucson (TPD) llegaron más tarde tras ser llamados por la empresa.,4+,2 at least,CTN4125; CTN4078,,32.271767,-110.994194,Hace entre 31 y 60 días,Parada de vehículos_Hace entre 31 y 60 días
Vigilancia/Reconocimiento,Zona comercial,Confirmado,Flowing Wells,6-Feb-2026,10:10 AM,"Agentes del ICE, a bordo de al menos un vehículo sin distintivos, estaban buscando en el supermercado Food City. Siguieron al menos a una persona desde ese lugar y detuvieron el vehículo en otro sitio.",Failed or Foiled Abduction(s),Servicio de Inmigración y Control de Aduanas (ICE),2+,1 at least,CTN4078,,32.278066,-110.995592,Hace entre 31 y 60 días,Vigilancia/Reconocimiento_Hace entre 31 y 60 días
Parada de vehículos,Vía pública,Confirmado,Flowing Wells,6-Feb-2026,10:28 AM,"Agentes del ICE, a bordo de al menos un vehículo sin distintivos, detuvieron a una persona tras seguirla desde un supermercado. La persona fue detenida pero puesta en libertad.",Failed or Foiled Abduction(s),Servicio de Inmigración y Control de Aduanas (ICE),2+,1 at least,CTN4078,,32.267799,-110.995129,Hace entre 31 y 60 días,Parada de vehículos_Hace entre 31 y 60 días
Parada de vehículos,Vía pública,Confirmado,Summit,7-Feb-2026,7:44 AM,"Agentes enmascarados del ICE detuvieron al menos dos vehículos sin distintivos. Un residente legal que no portaba sus documentos fue secuestrado y llevado a una suboficina del ICE. Tras realizar una verificación de antecedentes en la oficina, el hombre fue puesto en libertad.",Failed or Foiled Abduction(s),Servicio de Inmigración y Control de Aduanas (ICE),2+,2 at least,,,32.064386,-110.956939,Hace entre 31 y 60 días,Parada de vehículos_Hace entre 31 y 60 días
Vigilancia/Reconocimiento,Lugar religioso,Confirmado,Duffy,10-Feb-2026,2:09 PM,"Agentes del Servicio de Alguaciles de Estados Unidos en vehículos sin distintivos estacionados en el patio trasero de una iglesia, posiblemente realizando labores de vigilancia o preparando un operativo.",Unknown or Not Applicable,Alguaciles estadounidenses (confirmado por el personal de la iglesia presente en el lugar),6,3,,,32.230273,-110.877194,Hace entre 31 y 60 días,Vigilancia/Reconocimiento_Hace entre 31 y 60 días
Vigilancia aérea (aeronaves),Desconocido/Otro,Confirmado,"Las Vistas, Western Hills, South Park, etc",11-Feb-2026,2:58 PM,Avión de vigilancia del DHS/CBP (ya sea N674TC o N51824) realizando una operación de vigilancia sobre vecindarios.,Unknown or Not Applicable,CBP (u otro DHS),Unknown,N/A,,,32.190217,-110.930624,Hace entre 31 y 60 días,Vigilancia aérea (aeronaves)_Hace entre 31 y 60 días
Vigilancia aérea (aeronaves),Desconocido/Otro,Confirmado,"Barrio Nopal, Elvira, Sunnyside, etc",11-Feb-2026,3:32 PM,Avión de vigilancia del DHS/CBP (ya sea N674TC o N51824) realizando una operación de vigilancia sobre vecindarios.,Unknown or Not Applicable,CBP (u otro DHS),Unknown,N/A,,,32.131933,-110.971252,Hace entre 31 y 60 días,Vigilancia aérea (aeronaves)_Hace entre 31 y 60 días
Parada de vehículos,Zona comercial,Confirmado,Wakefield,13-Feb-2026,4:56 PM,"Control de vehículo realizado por miembros del Grupo de Trabajo Estatal contra Pandillas (GIITEM). Se desconoce si este incidente estuvo relacionado con inmigración, pero el GIITEM participa en la aplicación de la ley federal de inmigración.",Abduction(s) Occurred,Grupo de Trabajo Estatal contra las Pandillas (GIITEM),Unknown,Unknown,,,32.186045,-110.969736,Hace entre 31 y 60 días,Parada de vehículos_Hace entre 31 y 60 días
Parada de vehículos,Vía pública,Informe creíble pero no confirmado.,Los Ranchitos,16-Feb-2026,7:48 AM,"Control de vehículo realizado por agentes del ICE en el que, según los informes, al menos una persona fue detenida y secuestrada.",Abduction(s) Occurred,Servicio de Inmigración y Control de Aduanas (ICE),2+,2-3,,,32.141314,-110.956208,Hace entre 31 y 60 días,Parada de vehículos_Hace entre 31 y 60 días
Desconocida / otra,Desconocido/Otro,Confirmado,Downtown,17-Feb-2026,9:00 AM,"Vehículo ICE sin distintivos avistado estacionado y con el motor en marcha, con una visera en el parabrisas. No hay más detalles disponibles.",Unknown or Not Applicable,Servicio de Inmigración y Control de Aduanas (ICE),1+,1,BNV1839,,32.220567,-110.972444,Hace entre 31 y 60 días,Desconocida / otra_Hace entre 31 y 60 días
Parada de vehículos,Vía pública: Carretera,Confirmado,South Tucson,17-Feb-2026,6:41 PM,Control de vehículo realizado por agentes de la Patrulla Fronteriza de EE. UU. y del Departamento de Seguridad Pública de Arizona (policía estatal) en la Interestatal 10. Resultado desconocido.,Attempted Abduction(s) — Unknown Outcome,"Patrulla Fronteriza de los Estados Unidos, Departamento de Seguridad Pública de Arizona (AZDPS)",5+,2,,,32.192619,-110.977571,Hace entre 31 y 60 días,Parada de vehículos_Hace entre 31 y 60 días
Vigilancia/Reconocimiento,Barrio residencial,Confirmado,Roger Park,18-Feb-2026,11:21 AM,Agentes del ICE en al menos dos vehículos sin distintivos fueron vistos buscando comida en un complejo de apartamentos. La respuesta de la comunidad probablemente evitó cualquier secuestro.,Failed or Foiled Abduction(s),Servicio de Inmigración y Control de Aduanas (ICE),2+,2+,CWL6437; CWW1873,,32.279231,-110.978249,Hace entre 31 y 60 días,Vigilancia/Reconocimiento_Hace entre 31 y 60 días
Vigilancia/Reconocimiento,Zona comercial,Confirmado,Limberlost,18-Feb-2026,12:03 PM,"Agentes del ICE, a bordo de al menos dos vehículos sin distintivos, fueron vistos buscando en el estacionamiento de Target tras abandonar un complejo de apartamentos cercano. La respuesta de la comunidad probablemente evitó cualquier secuestro.",Failed or Foiled Abduction(s),Servicio de Inmigración y Control de Aduanas (ICE),2+,2+,CWL6437; CWW1873,,32.280184,-110.977279,Hace entre 31 y 60 días,Vigilancia/Reconocimiento_Hace entre 31 y 60 días
Vigilancia aérea (aeronaves),Desconocido/Otro,Confirmado,South Tucson,18-Feb-2026,11:33 AM,"El helicóptero de vigilancia N370SR, operado por el DHS/CBP, realiza una operación de vigilancia sobre los vecindarios.",Unknown or Not Applicable,Departamento de Seguridad Nacional (DHS) / Aduanas y Protección Fronteriza de EE. UU. (CBP),Unknown,1,,,32.196579,-110.963809,Hace entre 31 y 60 días,Vigilancia aérea (aeronaves)_Hace entre 31 y 60 días
Vigilancia/Reconocimiento,Barrio residencial,Confirmado,Roger Park,19-Feb-2026,8:36 AM,"Agentes del ICE en al menos 5 vehículos sin distintivos estaban buscando en un complejo de apartamentos. Finalmente, la administración de la propiedad confrontó a los agentes en uno de los vehículos (que se había colado por una puerta de acceso con teclado a un estacionamiento para residentes) y los agentes se marcharon. No se registraron secuestros, probablemente en parte debido a la respuesta de la comunidad.",Failed or Foiled Abduction(s),Servicio de Inmigración y Control de Aduanas (ICE),6+,5+,CWW1873; CPH4983; CTN4388; CWD1071; CTN4078,,32.279486,-110.978109,Hace entre 31 y 60 días,Vigilancia/Reconocimiento_Hace entre 31 y 60 días
Parada de vehículos,Zona comercial,Confirmado,Midvale Park,19-Feb-2026,2:23 PM,Agentes del ICE realizaron una parada de vehículo. Al menos una persona fue presuntamente detenida y secuestrada.,Abduction(s) Occurred,Servicio de Inmigración y Control de Aduanas (ICE),2+,2-3,,,32.152544,-110.990396,Hace entre 31 y 60 días,Parada de vehículos_Hace entre 31 y 60 días
Parada de vehículos,Vía pública,Confirmado,Keeling,20-Feb-2026,8:33 AM,Control de vehículo realizado por agentes del ICE en el que una persona fue detenida y secuestrada.,Abduction(s) Occurred,Servicio de Inmigración y Control de Aduanas (ICE),3+,1,CBC9381,,32.258511,-110.963406,Hace entre 31 y 60 días,Parada de vehículos_Hace entre 31 y 60 días
Vigilancia/Reconocimiento,Lugar de trabajo o negocio,Confirmado,Barrio Nopal,20-Feb-2026,5:20 PM,Agentes del ICE en al menos un vehículo sin distintivos realizando vigilancia en un restaurante. Resultado desconocido.,Attempted Abduction(s) — Unknown Outcome,Servicio de Inmigración y Control de Aduanas (ICE),2+,1,CWS9671,,32.133638,-110.967785,Hace entre 31 y 60 días,Vigilancia/Reconocimiento_Hace entre 31 y 60 días
Parada de vehículos,Vía pública,Confirmado,Sunnyside,26-Feb-2026,1:57 PM,"Control de vehículo realizado por cuatro agentes de una agencia desconocida, vestidos con ropa oscura y chalecos tácticos. No hay más detalles disponibles.",Attempted Abduction(s) — Unknown Outcome,Desconocido,4+,1+,,,32.137207,-110.967890,Hace 15-30 días,Parada de vehículos_Hace 15-30 días
Desconocida / otra,Vía pública,Confirmado,Roberts,1-Mar-2026,6:03 PM,"Incidente misterioso en el que se vieron involucrados dos agentes de la Patrulla Fronteriza uniformados en vehículos oficiales y otro de civil en una camioneta sin distintivos con luces policiales. Se ató una cadena a la camioneta sin distintivos y se usó para remolcar una SUV con placas de Sonora, que los agentes de la Patrulla Fronteriza describieron como perteneciente a un ""conductor varado"". Sin embargo, los agentes de la Patrulla Fronteriza no tienen permitido remolcar vehículos civiles con cadenas, por lo que creemos que o bien se trataba también de un vehículo sin distintivos de la Patrulla Fronteriza o era el ""auto fantasma"" de alguien que ya había sido secuestrado.",Unknown or Not Applicable,Patrulla Fronteriza de EE. UU.,3-5,1-3,R5A7D1A,,32.190341,-110.908913,Hace 15-30 días,Desconocida / otra_Hace 15-30 días
Vigilancia/Reconocimiento,Barrio residencial,Confirmado,Flowing Wells,3-Mar-2026,7:30 AM,Se observó a uno o más agentes en al menos un vehículo sin distintivos realizando labores de vigilancia en un parque de casas móviles. El mismo vehículo fue visto nuevamente en la zona al día siguiente junto con un vehículo del ICE (Servicio de Inmigración y Control de Aduanas). Los residentes informaron haber visto vehículos de vigilancia similares en repetidas ocasiones durante las dos semanas anteriores.,Attempted Abduction(s) — Unknown Outcome,Servicio de Inmigración y Control de Aduanas (ICE),1+,1,BGX4457,,32.298253,-111.012002,Hace 15-30 días,Vigilancia/Reconocimiento_Hace 15-30 días
Vigilancia/Reconocimiento,Barrio residencial,Informe creíble pero no confirmado.,Oracle Villa Estates,3-Mar-2026,4:35 PM,"Agentes del ICE en tres vehículos sin distintivos vigilaron un complejo de apartamentos durante todo el día, y finalmente siguieron a alguien cuando salía de su edificio de apartamentos y lo secuestraron.",Abduction(s) Occurred,Servicio de Inmigración y Control de Aduanas (ICE),3+,3,CWW1146,,32.322751,-110.971691,Hace 15-30 días,Vigilancia/Reconocimiento_Hace 15-30 días
Vigilancia/Reconocimiento,Barrio residencial,Confirmado,Flowing Wells,4-Mar-2026,7:28 AM,Agentes en al menos tres vehículos sin distintivos fueron vistos realizando labores de vigilancia dentro y alrededor de un parque de casas móviles. Se confirmó que al menos uno de estos vehículos pertenecía al ICE. Los residentes informaron haber visto vehículos de vigilancia similares en varias ocasiones durante las dos semanas anteriores.,Failed or Foiled Abduction(s),Servicio de Inmigración y Control de Aduanas (ICE),2-5+,2-5,BGX4457; CTN4078,,32.297565,-111.011989,Hace 15-30 días,Vigilancia/Reconocimiento_Hace 15-30 días
Vigilancia aérea (aeronaves),Desconocido/Otro,Confirmado,"San Xavier Indian Reservation, Barrio Nopal, etc",4-Mar-2026,1:38 PM,"El helicóptero de vigilancia N370SR, operado por el DHS/CBP, realiza una operación de vigilancia sobre los vecindarios.",Attempted Abduction(s) — Unknown Outcome,Departamento de Seguridad Nacional (DHS) / Aduanas y Protección Fronteriza de EE. UU. (CBP),Unknown,N/A,,,32.119548,-110.960816,Hace 15-30 días,Vigilancia aérea (aeronaves)_Hace 15-30 días
Parada de vehículos,Vía pública,Confirmado,Millville,4-Mar-2026,6:27 PM,Control vehicular realizado por agentes en cinco o más vehículos sin distintivos. Al menos dos de estos vehículos se pasaron un semáforo en rojo a alta velocidad antes de encender sus luces policiales ocultas para iniciar el control. Un agente conducía una camioneta con placa de Sonora (México). Todos los agentes vestían de civil y chalecos tácticos. Un hombre fue detenido y posteriormente puesto en libertad.,Failed or Foiled Abduction(s),Servicio de Inmigración y Control de Aduanas (ICE),5+,5+,CWD1083; RGA 4LO; CWL5684; CWH4495,,32.207496,-110.949141,Hace 15-30 días,Parada de vehículos_Hace 15-30 días
Parada de vehículos,Zona comercial,Informe creíble pero no confirmado.,Palo Verde,5-Mar-2026,9:58 AM,"Cuatro agentes vestidos de civil y con chalecos tácticos detuvieron tres vehículos sin distintivos en el estacionamiento de Walmart. Testigos presenciales declararon que los agentes esposaron y secuestraron a un hombre y a un niño de unos 11 años. Posteriormente, uno de los agentes se marchó en la camioneta de los secuestrados.",Abduction(s) Occurred,Servicio de Inmigración y Control de Aduanas (ICE),4,3,,,32.250666,110.911393,Hace 15-30 días,Parada de vehículos_Hace 15-30 días
Vigilancia/Reconocimiento,Barrio residencial,Informe creíble pero no confirmado.,Oracle Villa Estates,6-Mar-2026,9:52 AM,Hay informes fidedignos de al menos un vehículo policial sin distintivos merodeando por un complejo de apartamentos donde tres días antes se había producido un secuestro por parte del ICE. No hay informes de secuestros similares en este lugar durante el día.,"Unknown or Not Applicable, Attempted Abduction(s) — Unknown Outcome",Desconocido (probablemente el Servicio de Inmigración y Control de Aduanas (ICE)),1+,1,CWW1714,,32.322736,-110.972435,Hace 15-30 días,Vigilancia/Reconocimiento_Hace 15-30 días
Vigilancia/Reconocimiento,Lugar religioso,Informe creíble pero no confirmado.,Santa Rita Park,6-Mar-2026,4:09 PM,"Se observaron dos vehículos sin distintivos, uno de ellos con varios agentes enmascarados merodeando cerca de una iglesia/centro de trabajadores.",Unknown or Not Applicable,Servicio de Inmigración y Control de Aduanas (ICE) [sin confirmar],3+,2,CPP8313,,32.205568,-110.973144,Hace 15-30 días,Vigilancia/Reconocimiento_Hace 15-30 días
Parada de vehículos,Zona comercial,Informe creíble pero no confirmado.,Rillito Park,11-Mar-2026,2:43 PM,"Un agente, a bordo de un vehículo sin distintivos y con un chaleco táctico no identificado, detuvo un vehículo en el estacionamiento de un centro comercial. No hay más detalles disponibles.",Unknown or Not Applicable,Desconocido,1+,1+,,,32.283103,-110.980012,Hace 8-14 días,Parada de vehículos_Hace 8-14 días
Parada de vehículos,Vía pública,Informe creíble pero no confirmado.,Southland Park,12-Mar-2026,4:17 PM,Control de vehículos en el que participaron agentes desconocidos en tres vehículos sin distintivos.,Attempted Abduction(s) — Unknown Outcome,Desconocido,3+,3,,,32.146535,-110.956245,Hace 8-14 días,Parada de vehículos_Hace 8-14 días
Vigilancia aérea (aeronaves),Desconocido/Otro,Confirmado,South Park (Tucson Marketplace),12-Mar-2026,4:15 PM,Helicóptero del DHS/CBP realizando una operación de vigilancia sobre el Tucson Marketplace y los barrios circundantes.,Unknown or Not Applicable,Departamento de Seguridad Nacional (DHS) / Aduanas y Protección Fronteriza de EE. UU. (CBP),Unknown,N/A,,,32.186561,-110.954971,Hace 8-14 días,Vigilancia aérea (aeronaves)_Hace 8-14 días
Vigilancia/Reconocimiento,Barrio residencial,Confirmado,Summit,12-Mar-2026,4:29 PM,"Un vehículo sin distintivos con tres agentes del ICE enmascarados vigilaba una zona residencial. Uno de los agentes amenazó a un vecino que fotografió el vehículo, intentando sin éxito abrir la puerta en dos ocasiones. Cuando el vehículo del ICE abandonó su puesto de vigilancia, se observó que se dirigía a la cercana Base de la Guardia Nacional Aérea de Morris.",Attempted Abduction(s) — Unknown Outcome,Servicio de Inmigración y Control de Aduanas (ICE); Guardia Nacional Aérea (los agentes del ICE se retiraron a la base a través de una puerta de seguridad).,3+,1,CWL6437,,32.077335,-110.958846,Hace 8-14 días,Vigilancia/Reconocimiento_Hace 8-14 días
Parada de vehículos,Vía pública,Confirmado,Sunnyside / Southland Park,14-Mar-2026,3:53 PM,"Control de vehículo realizado por agentes del ICE, quienes secuestraron a una persona y abandonaron su vehículo.",Abduction(s) Occurred,Servicio de Inmigración y Control de Aduanas (ICE),Unknown,Unknown,,,32.141286,-110.961559,Hace 8-14 días,Parada de vehículos_Hace 8-14 días
Vigilancia/Reconocimiento,Barrio residencial,Informe creíble pero no confirmado.,Nat'l City Northwest,16-Mar-2026,9:26 AM,Dos vehículos sin distintivos fueron avistados vigilando un vecindario. Un residente reconoció a agentes del ICE en uno de los vehículos por un incidente anterior en el que los agentes se hicieron pasar por trabajadores de Tucson Electric Power (TEP).,Unknown or Not Applicable,Servicio de Inmigración y Control de Aduanas (ICE),2+,2,,,32.163741,-110.973738,En la última semana,Vigilancia/Reconocimiento_En la última semana
Vigilancia aérea (aeronaves),Desconocido/Otro,Confirmado,"Barrio Santa Rosa, Santa Rita Park, etc",16-Mar-2026,11:06 AM,"Avión de vigilancia operado por el DHS/CBP (probablemente el N51824, o posiblemente el N674TC) realizando una operación de vigilancia sobre vecindarios.",Unknown or Not Applicable,Departamento de Seguridad Nacional (DHS) / Aduanas y Protección Fronteriza de EE. UU. (CBP),Unknown,N/A,,,32.206731,-110.978262,En la última semana,Vigilancia aérea (aeronaves)_En la última semana
Vigilancia/Reconocimiento,Barrio residencial,Informe creíble pero no confirmado.,Summit,17-Mar-2026,8:30 AM,Vehículos sin distintivos realizando labores de vigilancia en un vecindario.,Attempted Abduction(s) — Unknown Outcome,Servicio de Inmigración y Control de Aduanas (ICE),Unknown,1,,,32.066781,-110.931246,En la última semana,Vigilancia/Reconocimiento_En la última semana