Incident Type,Location/Context,Verification,Neighborhood,Date,Time,Description,State Kidnapping?,Agencies Involved,# of Agents,# of Unmarked Police Vehicles,Associated License Plates,Map Notes,Latitude,Longitude,Date Category,Style Key
Raid,Workplace or Business,Confirmed,West University,11-Feb-2025,1:00 PM,ICE/HSI agents visited a restaurant to ask about employees and intimidate the owner with error-ridden paperwork,No,Immigration and Customs Enforcement (ICE) / Homeland Security Investigations (HSI) [part of ICE],3,1+,CPH4967,,32.230988,-110.971769,Older than 6 months,Raid_Older than 6 months
Raid,Workplace or Business,Confirmed,South Tucson,18-Mar-2025,,"ICE/HSI operation at a local business with a judicial warrant, seeking documents. Agents said it was prompted by a tip submitted to a national database about the business",No,Immigration and Customs Enforcement (ICE) / Homeland Security Investigations (HSI) [part of ICE],15,10+,"BNV1970, CRJ0909, CRJ0922, CTN4078, CTN4202, CWB7511, CWL6441, CWN3939, CWW1146",,32.199504,-110.976768,Older than 6 months,Raid_Older than 6 months
Aerial Surveillance (Aircraft),Unknown/Other,Confirmed,"Millville, Santa Rita Park, etc",27-Mar-2025,3:30 PM,"DEA-linked surveillance plane (most likely N656RT, but smaller chance it could be N156RF, which has the same livery) registered to a shell company called Heritage Aviation Management Ltd, flying a surveillance operation over Millville, Santa Rita Park, and surrounding neighborhoods. This operation likely involved other agencies, possibly including ICE.",Unknown or Not Applicable,"Drug Enforcement Administration (DEA), likely working with other agencies",Unknown,N/A,N/A,"This aircraft was attempting to hide its presence by not broadcasting any identification or position data via Mode S/ADS‑B, and so it's flight path and other information does not appear on sites like ADS-B Exchange. This flight was instead verified, and it's flight path estimated, via observation and photographs from the ground.",32.209475,-110.959306,Older than 6 months,Aerial Surveillance (Aircraft)_Older than 6 months
Aerial Surveillance (Aircraft),Unknown/Other,Confirmed,"Diamond Bell Ranch, Three Points, etc",31-Mar-2025,11:33 AM,DHS/CBP surveillance plane N51824 flying a possible surveillance operation over Diamond Bell Ranch and surrounding areas south of Three Points,Unknown or Not Applicable,Department of Homeland Security (DHS) / U.S. Customs and Border Protection (CBP),Unknown,N/A,N/A,,31.979363,-111.299932,Older than 6 months,Aerial Surveillance (Aircraft)_Older than 6 months
Aerial Surveillance (Aircraft),Unknown/Other,Confirmed,"University of Arizona, Rincon Heights, etc",17-Apr-2025,11:00 AM,"DEA-linked surveillance plane N656RT, registered to a shell company called Heritage Aviation Management Ltd, flying a surveillance operation over the University of Arizona and surrounding neighborhoods. This operation likely involved other agencies, possibly including ICE.",Unknown or Not Applicable,"Drug Enforcement Administration (DEA), likely working with other agencies",Unknown,N/A,N/A,"This aircraft was attempting to hide its presence by not broadcasting any identification or position data via Mode S/ADS‑B, and so it's flight path and other information does not appear on sites like ADS-B Exchange. This flight was instead verified, and it's flight path estimated, via observation and photographs from the ground.",32.231713,-110.950503,Older than 6 months,Aerial Surveillance (Aircraft)_Older than 6 months
Aerial Surveillance (Aircraft),Unknown/Other,Confirmed,"Bravo Park Lane, Fairgrounds, etc",23-Apr-2025,11:24 AM,DHS/CBP-operated surveillance helicopter N370SR flying a surveillance operation over neighborhoods,Unknown or Not Applicable,Department of Homeland Security (DHS) / U.S. Customs and Border Protection (CBP),Unknown,N/A,N/A,,32.167638,-110.956227,Older than 6 months,Aerial Surveillance (Aircraft)_Older than 6 months
Vehicle Stop,Public Roadway,Confirmed,East Barrio Hollywood,23-Apr-2025,1:20 PM,"Vehicle stop initiated by a Pima County Sheriff’s Dept. deputy for a traffic violation. Deputy then called Border Patrol as back up. An ICE officer in plain clothes arrived on scene after the Border Patrol and left after talking with other officers. Sheriff’s deputy said the person would be booked by PCSD. Eventually another unmarked vehicle arrived with two TPD officers in plain clothes. At the end of the incident, one of those officers drove away in the detained person’s vehicle.",Abduction(s) Occurred,"U.S. Border Patrol, Immigration and Customs Enforcement (ICE), Pima County Sheriff's Department (PCSD), Tucson Police Department (TPD)",6,2,CPH4874 (ICE); CWS9867 (TPD),,32.235204,-110.984443,Older than 6 months,Vehicle Stop_Older than 6 months
Vehicle Stop,Residential Area,Confirmed,Keeling,24-Apr-2025,6:30 AM,Manhunt conducted by ICE and at least one DEA agent in unmarked vehicles in a neighborhood,Attempted Abduction(s) — Unknown Outcome,"Immigration and Customs Enforcement (ICE), Drug Enforcement Administration (DEA)",7+,6,CBC9452; CTN4351; CWL6437; CWS5989; CWW1146,,32.255818,-110.969822,Older than 6 months,Vehicle Stop_Older than 6 months
Raid,Residential Area,Confirmed,Julia Keen,29-Apr-2025,,"Raid at a private residence involving ICE/HSI, DEA, and other agencies",Abduction(s) Occurred,Immigration and Customs Enforcement (ICE) / Homeland Security Investigations (HSI) [part of ICE]; Drug Enforcement Administration (DEA); Tucson Police Department (TPD); Sierra Vista Police Department (SVPD),Many,9+,CBC9510; CM58097; CM60189; CWB7597; CWG4407; CWW1164; CPH4886; CWN3813; CWP3302,,32.205306,-110.922353,Older than 6 months,Raid_Older than 6 months
Aerial Surveillance (Aircraft),Unknown/Other,Confirmed,Flowing Wells,1-May-2025,11:11 AM,DHS/CBP surveillance plane N51824 flying a surveillance operation over Flowing Wells and surrounding areas,Unknown or Not Applicable,Department of Homeland Security (DHS) / U.S. Customs and Border Protection (CBP),Unknown,N/A,N/A,,32.301505,-111.012095,Older than 6 months,Aerial Surveillance (Aircraft)_Older than 6 months
Raid,Residential Area,Confirmed,Sabino Terrace,1-May-2025,7:00 PM,Large home raid at an apartment complex involving ICE/HSI and U.S. Customs and Border Protection (possibly a US Border Patrol BORTAC team),Attempted Abduction(s) — Unknown Outcome,"Immigration and Customs Enforcement (ICE) / Homeland Security Investigations (HSI) [part of ICE], U.S. Customs and Border Protection (possibly US Border Patrol)",12+,12+,BHR1013; CWW1822,,32.294337,-110.820992,Older than 6 months,Raid_Older than 6 months
Aerial Surveillance (Aircraft),Unknown/Other,Confirmed,"University of Arizona, West University, etc",6-May-2025,4:20 PM,"DEA-linked surveillance plane N656RT or N156RF, registered to a shell company called Heritage Aviation Management Ltd, flying a surveillance operation over the University of Arizona and surrounding neighborhoods. This operation likely involved other agencies, possibly including ICE.",Unknown or Not Applicable,"Drug Enforcement Administration (DEA), likely working with other agencies",Unknown,N/A,N/A,,32.227698,-110.959439,Older than 6 months,Aerial Surveillance (Aircraft)_Older than 6 months
Aerial Surveillance (Aircraft),Unknown/Other,Confirmed,"Downtown, Armory Park, etc",20-May-2025,4:20 PM,DHS/CBP surveillance helicopter N370SR flying a surveillance operation over downtown Tucson and surrounding neighborhoods,Unknown or Not Applicable,Department of Homeland Security (DHS) / U.S. Customs and Border Protection (CBP),Unknown,N/A,N/A,,32.221767,-110.972394,Older than 6 months,Aerial Surveillance (Aircraft)_Older than 6 months
Aerial Surveillance (Aircraft),Unknown/Other,Confirmed,"Drexel Heights, etc",28-May-2025,2:44 PM,DHS/CBP surveillance helicopter N370SR flying a surveillance operation over Drexel Heights and surrounding neighborhoods in coordination with unmarked vehicles on the ground,Unknown or Not Applicable,Department of Homeland Security (DHS) / U.S. Customs and Border Protection (CBP),Unknown,N/A,N/A,,32.133725,-111.028626,Older than 6 months,Aerial Surveillance (Aircraft)_Older than 6 months
Gathering/Staging,Public Park,Confirmed,Drexel Heights,28-May-2025,3:14 PM,"Four unmarked police vehicles (unknown agency) observed staging in a public park, with at least one more nearby. DHS/CBP helicopter N370SR was conducting surveillance of the area from above",Unknown or Not Applicable,"Department of Homeland Security (DHS) / U.S. Customs and Border Protection (CBP), possibly others",6+,5+,6KA 0GF; CTN4409; YBA 4GL,,32.126258,-111.028175,Older than 6 months,Gathering/Staging_Older than 6 months
Aerial Surveillance (Aircraft),Unknown/Other,Confirmed,"Rose, West Lamar, etc",3-Jun-2025,4:02 PM,DHS/CBP surveillance plane N51824 flying a surveillance operation over Rose and surrounding neighborhoods,Unknown or Not Applicable,Department of Homeland Security (DHS) / U.S. Customs and Border Protection (CBP),Unknown,N/A,N/A,,32.172134,-110.981839,Older than 6 months,Aerial Surveillance (Aircraft)_Older than 6 months
Aerial Surveillance (Aircraft),Unknown/Other,Confirmed,"South Park, South Tucson, etc",16-Jun-2025,11:18 AM,DHS/CBP surveillance plane N51824 flying a surveillance operation over South Park and surrounding neighborhoods,Unknown or Not Applicable,Department of Homeland Security (DHS) / U.S. Customs and Border Protection (CBP),Unknown,N/A,N/A,,32.192379,-110.947004,Older than 6 months,Aerial Surveillance (Aircraft)_Older than 6 months
Aerial Surveillance (Aircraft),Unknown/Other,Confirmed,"Mountain 1st Avenue, Keeling, etc",28-Jul-2025,6:45 PM,"DHS/CBP helicopter (identified through observation and photographs as CBP but whose tail number could not be identified) flying a surveillance operation over Mountain 1st Avenue, Keeling, and surrounding neighborhoods",Unknown or Not Applicable,Department of Homeland Security (DHS) / U.S. Customs and Border Protection (CBP),Unknown,,N/A,,32.254023,-110.959859,Older than 6 months,Aerial Surveillance (Aircraft)_Older than 6 months
Vehicle Stop,Public Roadway,Credible Report But Unconfirmed,Wakefield,6-Oct-2025,12:19 PM,Vehicle stop involving the US Marshals,Attempted Abduction(s) — Unknown Outcome,"US Marshals, possibly other agencies",Unknown,N/A,N/A,,32.179335,-110.977558,91–180 days ago,Vehicle Stop_91–180 days ago
Vehicle Stop,Public Roadway,Confirmed,Cherry Avenue,14-Oct-2025,,Vehicle stop involving ICE. Targeted person and family members were sprayed with chemical agent by ICE officers from a moving vehicle.,No,Immigration and Customs Enforcement (ICE),7+,7,"CWP3313, CWW1181, CWS9856",,32.163143,-110.954076,91–180 days ago,Vehicle Stop_91–180 days ago
Stakeout/Surveillance,Residential Area,Confirmed,Flowing Wells,15-Oct-2025,8:47 AM,Unmarked police vehicle previously linked with ICE conducting surveillance at an apartment complex,Attempted Abduction(s) — Unknown Outcome,Immigration and Customs Enforcement (ICE),Unknown,1,CWP3313,,32.261207,-110.995036,91–180 days ago,Stakeout/Surveillance_91–180 days ago
Vehicle Stop,Commercial Area,Credible Report But Unconfirmed,Sunset Villa,16-Oct-2025,8:05 PM,Unknown police operation involving multiple unmarked police vehicles,Unknown or Not Applicable,Tucson Police Department (TPD),Unknown,5+,,,32.179733,-110.982325,91–180 days ago,Vehicle Stop_91–180 days ago
Stakeout/Surveillance,Residential Area,Credible Report But Unconfirmed,Roger Park,17-Oct-2025,1:21 PM,Three unmarked police vehicles staking out an apartment complex that has been targeted by ICE on other occasions,Attempted Abduction(s) — Unknown Outcome,Unknown,3+,3,,,32.279253,-110.978159,91–180 days ago,Stakeout/Surveillance_91–180 days ago
Unknown/Other,Residential Area,Confirmed,Barrio Hollywood,21-Oct-2025,6:52 AM,Large multi-agency operation at a private residence,Abduction(s) Occurred,"U.S. Customs and Border Protection (CBP), Drug Enforcement Administration (DEA), Arizona Department of Public Safety (AZDPS), Tucson Police Department (TPD) (including the SWAT team)",,11+,CM59643; CM56881; NZA9KW; CWL6422; CWW1023; CAA18V; CWS9750; S7A 0W2; CTN4394; CWP3428,,32.232598,-110.999534,91–180 days ago,Unknown/Other_91–180 days ago
Vehicle Stop,PubIic Roadway: Highway,Confirmed,Flowing Wells,21-Oct-2025,4:10 PM,"Vehicle stop on the side of an Interstate I-10 involving multiple unknown agents in plain clothes, at least one of whom was masked. Multiple people detained, unknown whether anyone was taken. Arizona Department of Public Safety (AZDPS) vehicles with police lights on were posted at the closest on- and off-ramps.",Attempted Abduction(s) — Unknown Outcome,"Arizona Department of Public Safety (AZDPS), possibly Immigration and Customs Enforcement (ICE) and/or other agencies",2+,5-6,,,32.289101,-111.025450,91–180 days ago,Vehicle Stop_91–180 days ago
Raid,Residential Area,Confirmed,Copper Vista,22-Oct-2025,2:18 PM,"Multi-agency operation at a private residence conducted by multiple agents in plain clothes, tactical vests, and face masks. Some agents wearing tactical vests saying ""DEA"", others wearing vests without identification. ICE and/or other agencies may have been involved.",Abduction(s) Occurred,"Drug Enforcement Administration (DEA), possibly Immigration and Customs Enforcement (ICE) and/or other agencies",7+,7,CWW1505; CWP3372; CWP3274; CWS9940; Unknown (CWG4407?); Unknown (CWW1164?),,32.141324,-110.952070,91–180 days ago,Raid_91–180 days ago
Vehicle Stop,Public Roadway,Confirmed,Speedway and Silverbell,22-Oct-2025,5:05 PM,"Vehicle stop conducted by at least 5 officers in three unmarked vehicles. At least three of the officers were wearing tactical vests over plain clothes, but refused to provide ID and threatened a community member documenting the incident. One man was arrested and taken, leaving his empty vehicle behind.",Abduction(s) Occurred,Unknown,5+,3,CWS9945; CWS9933; CWW1548,,32.235178,-111.007531,91–180 days ago,Vehicle Stop_91–180 days ago
Unknown/Other,Unknown/Other,Credible Report But Unconfirmed,Barrio Santa Rosa,23-Oct-2025,12:10 PM,Report of Tucson PD and at least one unmarked police vehicle in the area. Observers confirmed TPD vehicles in the area but no operation or unmarked police vehicles observed.,Unknown or Not Applicable,"Tucson Police Department (TPD), Immigration and Customs Enforcement (ICE) [unconfirmed]",Unknown,1,,,32.206784,-110.974643,91–180 days ago,Unknown/Other_91–180 days ago
Vehicle Stop,Public Roadway,Credible Report But Unconfirmed,Speedway and Silverbell,23-Oct-2025,,Report of suspected ICE officers conducting vehicle stops in the area,Attempted Abduction(s) — Unknown Outcome,Unknown,Unknown,1+,,,32.235193,-111.00775,91–180 days ago,Vehicle Stop_91–180 days ago
Aerial Surveillance (Aircraft),Unknown/Other,Confirmed,"Coronado Heights, Keeling, Amphi, etc",23-Oct-2025,1:49 PM,DHS/CBP surveillance plane N51824 flying a surveillance operation over neighborhoods,Unknown or Not Applicable,Department of Homeland Security (DHS) / U.S. Customs and Border Protection (CBP),Unknown,N/A,N/A,,32.261222,-110.974197,91–180 days ago,Aerial Surveillance (Aircraft)_91–180 days ago
Aerial Surveillance (Aircraft),Unknown/Other,Confirmed,"Sugar Hill, Jefferson Park, Ocotillo Oracle, etc",23-Oct-2025,5:14 PM,CBP helicopter flying a surveillance operation over neighborhoods,Unknown or Not Applicable,U.S. Customs and Border Protection (CBP),Unknown,N/A,N/A,,32.250345,-110.961070,91–180 days ago,Aerial Surveillance (Aircraft)_91–180 days ago
Vehicle Stop,Public Roadway,Confirmed,Santa Cruz Southwest,23-Oct-2025,6:40 PM,Vehicle stop involving the U.S. Border Patrol,Attempted Abduction(s) — Unknown Outcome,U.S. Border Patrol,,N/A,N/A,,32.177764,-111.003825,91–180 days ago,Vehicle Stop_91–180 days ago
Vehicle Stop,PubIic Roadway: Highway,Confirmed,Marana (near Vanderbilt),26-Oct-2025,5:10 PM,Vehicle stop involving the U.S. Border Patrol and another unknown police agency,Abduction(s) Occurred,"U.S. Border Patrol, other unkown police agency",,N/A,N/A,,32.443728,-111.190084,91–180 days ago,Vehicle Stop_91–180 days ago
Vehicle Stop,Commercial Area,Confirmed,Airport Commerce Center,28-Oct-2025,,"Vehicle stop involving ICE/HSI. ICE agents in plain clothes with tactical vests detained and abducted a man in a Walmart parking lot, leaving the abducted person's empty, ""ghost"" vehicle in the parking lot afterward.",Abduction(s) Occurred,Immigration and Customs Enforcement (ICE) / Homeland Security Investigations (HSI) [part of ICE],3+,N/A,N/A,,32.147382,-110.934627,91–180 days ago,Vehicle Stop_91–180 days ago
Raid,Residential Area,Confirmed,Chattman's,28-Oct-2025,7:23 AM,Multi-agency police operation involving ICE/HSI targeting a private residence.,Attempted Abduction(s) — Unknown Outcome,"Immigration and Customs Enforcement (ICE) / Homeland Security Investigations (HSI) [part of ICE], Department of Homeland Security (DHS), US Marshals, South Tucson PD",15+,16,,,32.202671,-110.963860,91–180 days ago,Raid_91–180 days ago
Gathering/Staging,Commercial Area,Credible Report But Unconfirmed,Flowing Wells,28-Oct-2025,11:38 AM,Multiple unmarked police vehicles and armed agents staging in a vacant parking lot. At least one agent reportedly showed a US Marshals badge to a witness,Attempted Abduction(s) — Unknown Outcome,US Marshals,7-10+,7-10,,,32.271799,-110.994674,91–180 days ago,Gathering/Staging_91–180 days ago
Gathering/Staging,Commercial Area,Confirmed,Sunnyslope,3-Nov-2025,9:42 AM,Multiple unmarked police vehicles and agents in plain clothes staging for an unknown operation,Unknown or Not Applicable,Unknown,7-8,5-6,NDA 7CB; AZY8747; DXD-T83 (CO),,32.365351,-110.969637,91–180 days ago,Gathering/Staging_91–180 days ago
Vehicle Stop,Residential Area,Confirmed,Bentley Parke MHC,8-Nov-2025,10:57 AM,Vehicle stop conducted by ICE/HSI agents who followed the vehicle home from a Walmart parking lot. Two people kidnapped.,Abduction(s) Occurred,Immigration and Customs Enforcement (ICE) / Homeland Security Investigations (HSI) [part of ICE],4+,1+,,,32.152438,-110.924202,91–180 days ago,Vehicle Stop_91–180 days ago
Raid,Residential Area,Confirmed,"Adelanto, Barrio Blue Moon",19-Nov-2025,12:52 PM,Multi-agency police operation involving ICE/HSI targeting a private residence,Abduction(s) Occurred,ICE/HSI; Bureau of Indian Affairs Office of Justice Services; Pascua Yaqui Police Department,,,,,32.244877,-110.982214,91–180 days ago,Raid_91–180 days ago
Vehicle Stop,Public Roadway,Confirmed,Alvernon Corners Industrial Center,22-Nov-2025,6:51 PM,Vehicle stop conducted by at least three marked Border Patrol vehicles,Attempted Abduction(s) — Unknown Outcome,U.S. Border Patrol,3+,N/A,N/A,,32.175545,-110.910711,91–180 days ago,Vehicle Stop_91–180 days ago
Raid,Workplace or Business,Confirmed,Miracle Manor,10-Dec-2025,,"Large, multiagency raid of a trucking company led by ICE/HSI",Abduction(s) Occurred,Immigration and Customs Enforcement (ICE) / Homeland Security Investigations (HSI) [part of ICE],30+,21+,,,32.261087,-110.992145,91–180 days ago,Raid_91–180 days ago
Aerial Surveillance (Aircraft),Unknown/Other,Confirmed,"South Park, South Tucson, Fairgrounds, etc",12-Dec-2025,11:37 AM,DHS/CBP surveillance plane (either N674TC or N51824) flying a surveillance operation over neighborhoods,Unknown or Not Applicable,Department of Homeland Security (DHS) / U.S. Customs and Border Protection (CBP),1 at least,N/A,N/A,,32.187104,-110.956146,91–180 days ago,Aerial Surveillance (Aircraft)_91–180 days ago
Stakeout/Surveillance,Commercial Area,Confirmed,South Park (Tucson Marketplace),12-Dec-2025,2:50 PM,"Suspected ICE or other federal agent(s) conducting a stake/surveillance in a Walmart parking lot. No enforcement action observer, however.",Attempted Abduction(s) — Unknown Outcome,Unknown (likely Immigration and Customs Enforcement [ICE]),1-3+,2,CWP3274; CMG7834,,32.186083,-110.951456,91–180 days ago,Stakeout/Surveillance_91–180 days ago
Vehicle Stop,Residential Area,Credible Report But Unconfirmed,Drexel Park,15-Dec-2025,8:30 AM,Unconfirmed report of ICE agents in tactical vests conducting vehicle stops after following people from an apartment complex. At least one person reportedly detained and kidnapped.,Abduction(s) Occurred,Immigration and Customs Enforcement (ICE) [unconfirmed[,10+ (reported),2+,,,32.148597,-110.956130,91–180 days ago,Vehicle Stop_91–180 days ago
Vehicle Stop,Public Roadway,Credible Report But Unconfirmed,Las Vistas,16-Dec-2025,11:54 AM,Vehicle stop conducted by unknown agents in two unmarked black SUVs. Witness reported two people were detained and kidnapped,Abduction(s) Occurred,Unknown,2+,2+,,,32.191010,-110.926500,91–180 days ago,Vehicle Stop_91–180 days ago
Vehicle Stop,Public Roadway,Confirmed,"Sunnyside, Southland Park",19-Dec-2025,,Vehicle stop conducted by at least two ICE agents in an unmarked vehicle. One person was detained and kidnapped from a work truck,Abduction(s) Occurred,Immigration and Customs Enforcement (ICE),2,1,CWS9801,,32.141316,-110.961616,91–180 days ago,Vehicle Stop_91–180 days ago
Vehicle Stop,Public Park,Credible Report But Unconfirmed,Flowing Wells,29-Dec-2025,11:46 AM,Vehicle stop conducted by at least 4 ICE agents in two unmarked cars. A man in a work truck was detained and kidnapped,Abduction(s) Occurred,Immigration and Customs Enforcement (ICE),4 (reported),2,,,32.268226,-110.987119,61–90 days ago,Vehicle Stop_61–90 days ago
Vehicle Stop,Public Roadway,Confirmed,South Park,31-Dec-2025,9:29 AM,Vehicle stop conducted by at least two ICE agents in an unmarked vehicle. At least one person detained and kidnapped,Abduction(s) Occurred,Immigration and Customs Enforcement (ICE),2+,1,,,32.199671,-110.955845,61–90 days ago,Vehicle Stop_61–90 days ago
Vehicle Stop,Residential Area,Credible Report But Unconfirmed,Bravo Park Lane,7-Jan-2026,11:57 AM,"Suspected ICE agents in unmarked cars followed a couple in their vehicle to an apartment complex. The people being targeted made it inside safely, but the unmarked vehicles were still prowling around outside when Rapid Response Observers arrived",Attempted Abduction(s) — Unknown Outcome,Immigration and Customs Enforcement (ICE),2+,2,,,32.163162,-110.953069,61–90 days ago,Vehicle Stop_61–90 days ago
Stakeout/Surveillance,Residential Area,Confirmed,Drexel Park,9-Jan-2026,1:47 PM,Surveillance of a residence/person by agents in unmarked vehicles,No,"Immigration and Customs Enforcement (ICE), US Marshals, US Border Patrol, Oro Valley PD. All inolved in operation, unsure of which involved this day",,1+,,,32.155996,-110.960439,61–90 days ago,Stakeout/Surveillance_61–90 days ago
Vehicle Stop,Commercial Area,Confirmed,Wakefield,11-Jan-2026,8:16 AM,Vehicle stop in a grocery store parking lot conducted by at least four ICE agents. At least one person was kidnapped.,Abduction(s) Occurred,Immigration and Customs Enforcement (ICE),4+,2,CTN4125,,32.186112,-110.969634,61–90 days ago,Vehicle Stop_61–90 days ago
Vehicle Stop,Commercial Area,Confirmed,Amphi,12-Jan-2026,11:32 AM,"Vehicle stop conducted by ICE agents targeting two vehicles. One person was kidnapped, another was detained but released",Abduction(s) Occurred,Immigration and Customs Enforcement (ICE),2+,1,,,32.272503,-110.977807,61–90 days ago,Vehicle Stop_61–90 days ago
Stakeout/Surveillance,Residential Area,Confirmed,Drexel Park,12-Jan-2026,11:40 AM,Multiple unmarked vehicles conducting surveillance in a neighborhood. Targeted person had been followed to work on a previous day,No,"Immigration and Customs Enforcement (ICE), US Marshals. US Border Patrol and Oro Valley PD also involved in this operation",4+,4+,CWW1873; CWN3804; CPH4705; CWD1071,,32.156205,-110.960552,61–90 days ago,Stakeout/Surveillance_61–90 days ago
Stakeout/Surveillance,Residential Area,Credible Report But Unconfirmed,Los Ranchitos,12-Jan-2026,12:25 PM,Unknown agents knocking on doors at an apartment complex,Attempted Abduction(s) — Unknown Outcome,Unknown,Unknown,N/A,N/A,,32.141280,-110.943455,61–90 days ago,Stakeout/Surveillance_61–90 days ago
Stakeout/Surveillance,Commercial Area,Confirmed,Cherry Avenue,12-Jan-2026,3:37 PM,ICE agents in unmarked vehicles hunting in a shopping center/grocery parking lot,No,,2+,4,CM59515; CWL6184; CML8455; CM59586,,32.162017,-110.941821,61–90 days ago,Stakeout/Surveillance_61–90 days ago
Vehicle Stop,PubIic Roadway: Highway,Confirmed,Flowing Wells,13-Jan-2026,,Vehicle stop on highway conducted by Border Patrol,Attempted Abduction(s) — Unknown Outcome,U.S. Border Patrol,2+,N/A,N/A,,32.283333,-111.019972,61–90 days ago,Vehicle Stop_61–90 days ago
Stakeout/Surveillance,Residential Area,Confirmed,"Linden Terrace, El Cortez",14-Jan-2026,9:28 AM,ICE/HSI agents and possibly officers from other agencies surveilling an apartment complex,No,"Immigration and Customs Enforcement (ICE) / Homeland Security Investigations (HSI) [part of ICE], possibly other agencies",5+,5 (reported),CWP3465; CTN4417; VUW-954-C (Sonora plate),,32.245672,-110.961042,61–90 days ago,Stakeout/Surveillance_61–90 days ago
Stakeout/Surveillance,Residential Area,Confirmed,Drexel Park,15-Jan-2026,9:55 AM,Unmarked vehicles conducting surveillance of a residence/person,Abduction(s) Occurred,US Marshals; U.S. Border Patrol (including the BORTAC tactical unit); Oro Valley PD (at least one K-9 unit) all involved in the raid later this day that was connected to this surveillance. Immigration and Customs Enforcement (ICE) was reportedly involved after the person had been arrested.,2-3+ (more later),2-3,,,32.156603,-110.961404,61–90 days ago,Stakeout/Surveillance_61–90 days ago
Raid,Residential Area,Confirmed,Tres Pueblos,15-Jan-2026,11:08 AM,"Large multi-agency raid involving the US Marshals, U.S. Border Patrol (particularly the BORTAC tactical unit), and Oro Valley PD (at least one K-9 officer) targeting an individual in a private residence. One person was detained and kidnapped",Abduction(s) Occurred,US Marshals; U.S. Border Patrol (including the BORTAC tactical unit); Oro Valley PD (at least one K-9 unit). Immigration and Customs Enforcement (ICE) was reportedly involved after the person had been arrested,Many,13+,TDA 11B; CWW1227; CWL6307; CG-72974; 3GA 7JB; CND5573; CPH4950; T71 9MH; CWW1460; BNV1684; BND7129; CM58082,,32.145285,-110.942377,61–90 days ago,Raid_61–90 days ago
Aerial Surveillance (Aircraft),Unknown/Other,Confirmed,"Keeling, Coronado Heights, Amphi, Mountain View, Mountain 1st Avenue",16-Jan-2026,7:51 AM,DHS/CBP-operated surveillance helicopter N370SR flying a surveillance operation over neighborhoods,Unknown or Not Applicable,Department of Homeland Security (DHS) / U.S. Customs and Border Protection (CBP),Unknown,N/A,N/A,,32.258852,-110.966581,61–90 days ago,Aerial Surveillance (Aircraft)_61–90 days ago
Vehicle Stop,Commercial Area,Confirmed,Amphi,16-Jan-2026,11:45 AM,Vehicle stop conducted by ICE in which a man was kidnapped. TPD officers on the scene looked the other way as ICE agents forcibly restrained the person on the ground.,Abduction(s) Occurred,Immigration and Customs Enforcement (ICE); Tucson Police Department (TPD),7+,2+,,,32.272615,-110.977867,61–90 days ago,Vehicle Stop_61–90 days ago
Gathering/Staging,Unknown/Other,Confirmed,Shaheen Estates,16-Jan-2026,3:10 PM,"Officers from ICE, US Marshals, and the Oro Valley PD staging for an unknown operation behind a grocery store",Attempted Abduction(s) — Unknown Outcome,"Immigration and Customs Enforcement (ICE), US Marshals, Oro Valley PD",9+,9+,CWN3804; 9SKK335; CWS9921; CWW1739; CWW1460,,32.258538,-110.941941,61–90 days ago,Gathering/Staging_61–90 days ago
Vehicle Stop,Commercial Area,Credible Report But Unconfirmed,South Park (Tucson Marketplace),18-Jan-2026,8:37 AM,ICE agents in three unmarked vehicles hunting at a shopping center,Attempted Abduction(s) — Unknown Outcome,Immigration and Customs Enforcement (ICE),6+,3,,,32.181632,-110.947227,61–90 days ago,Vehicle Stop_61–90 days ago
Vehicle Stop,Commercial Area,Confirmed,Wakefield,18-Jan-2026,12:59 PM,ICE agents in unmarked vehicles were hunting people in the parking lot of the El Super. At least one person was detained but released,No,Immigration and Customs Enforcement (ICE),5+,4,CWD1071; CTN4078; CTN4125; BWX6104,,32.186019,-110.970292,61–90 days ago,Vehicle Stop_61–90 days ago
Stakeout/Surveillance,Residential Area,Confirmed,Dietz,19-Jan-2026,,ICE agents in unmarked vehicles were hunting people at three apartment complexes in the area. Ultimately no reports of anyone kidnapped,No,Immigration and Customs Enforcement (ICE) / Homeland Security Investigations (HSI) [part of ICE],1+,4+,,,32.206309,-110.836685,61–90 days ago,Stakeout/Surveillance_61–90 days ago
Vehicle Stop,Public Roadway,Confirmed,Carriage Park,19-Jan-2026,9:21 AM,Vehicle stop conducted by multiple masked ICE agents in two or more unmarked vehicles. Two people were reportedly detained and kidnapped,Abduction(s) Occurred,Immigration and Customs Enforcement (ICE),2+,2,,,32.222427,-110.823514,61–90 days ago,Vehicle Stop_61–90 days ago
Stakeout/Surveillance,Residential Area,Credible Report But Unconfirmed,Circle Mobile Home Park,19-Jan-2026,,"Suspected ICE vehicles reported creeping around a mobile home park, possibly hunting someone whose family member they had recently kidnapped",Attempted Abduction(s) — Unknown Outcome,Immigration and Customs Enforcement (ICE),Unknown,1+,,,32.260320,-110.991035,61–90 days ago,Stakeout/Surveillance_61–90 days ago
Stakeout/Surveillance,Residential Area,Credible Report But Unconfirmed,Circle Mobile Home Park,20-Jan-2026,,"Suspected ICE vehicles reported creeping around a mobile home park, possibly hunting someone whose family member they had recently kidnapped",Attempted Abduction(s) — Unknown Outcome,Immigration and Customs Enforcement (ICE),Unknown,1+,,,32.260984,-110.990470,61–90 days ago,Stakeout/Surveillance_61–90 days ago
Stakeout/Surveillance,Protest/Demonstration,Confirmed,Downtown,20-Jan-2026,5:56 PM,ICE agent in unmarked vehicle surveilling protest,Unknown or Not Applicable,Immigration and Customs Enforcement (ICE),1,1+,CWS9750,,32.221984,-110.970206,61–90 days ago,Stakeout/Surveillance_61–90 days ago
Stakeout/Surveillance,Commercial Area,Credible Report But Unconfirmed,Saguaro Vista Shopping Center,21-Jan-2026,,"At least two ICE agents seen exiting an unmarked vehicle and looking into someone's unoccupied, parked truck before leaving",No,Immigration and Customs Enforcement (ICE),2,1,,,32.235276,-110.825186,61–90 days ago,Stakeout/Surveillance_61–90 days ago
Stakeout/Surveillance,Residential Area,Credible Report But Unconfirmed,Circle Mobile Home Park,21-Jan-2026,3:05 PM,"Suspected ICE vehicles reported creeping around a mobile home park, possibly hunting someone whose family member they had recently kidnapped",Attempted Abduction(s) — Unknown Outcome,Unknown,Unknown,1+,,,32.260220,-110.990764,61–90 days ago,Stakeout/Surveillance_61–90 days ago
Stakeout/Surveillance,Commercial Area,Credible Report But Unconfirmed,El Con Mall,22-Jan-2026,10:00 AM,Two unmarked vehicles carrying masked agents observed in a Home Deport parking lot. Outcome unknown,Attempted Abduction(s) — Unknown Outcome,Unknown,5+,2,,,32.224758,-110.914416,61–90 days ago,Stakeout/Surveillance_61–90 days ago
Unknown/Other,Public Roadway,Confirmed,Los Ranchitos,22-Jan-2026,11:23 AM,"Unknown operation involving ICE, AZDPS, TPD, and possibly other agencies",Unknown or Not Applicable,"Immigration and Customs Enforcement (ICE), Arizona Department of Public Safety (AZDPS), Tucson Police Department (TPD)",10+,6+,8PA 5DE; CWC9762,,32.136934,-110.942195,61–90 days ago,Unknown/Other_61–90 days ago
Vehicle Stop,Commercial Area,Confirmed,Kino Gateway,23-Jan-2026,6:40 AM,ICE agents detained and questioned a city worker at a convenience store. The agents asked the man for identification and as he returned to his work vehicle the agents noticed a City of Tucson logo (the targeted person was a city employee) and walked away,No,Immigration and Customs Enforcement (ICE),5,2+,,,32.163698,-110.937308,31–60 days ago,Vehicle Stop_31–60 days ago
Vehicle Stop,Public Roadway,Confirmed,Naylor,23-Jan-2026,9:22 AM,Vehicle stop conducted by at least four masked agents wearing ICE tactical vests. Unknown whether someone was kidnapped,Attempted Abduction(s) — Unknown Outcome,Immigration and Customs Enforcement (ICE),4+,2+,CBC9452,,32.206542,-110.892482,31–60 days ago,Vehicle Stop_31–60 days ago
Vehicle Stop,Public Roadway,Credible Report But Unconfirmed,"Stella Mann, Carson Corner",23-Jan-2026,10:40 AM,Vehicle stop conducted by ICE. At least one person reportedly detained but unknown if they or others were kidnapped,Attempted Abduction(s) — Unknown Outcome,Unknown,Unknown,N/A,N/A,,32.184705,-110.840892,31–60 days ago,Vehicle Stop_31–60 days ago
Vehicle Stop,Workplace or Business,Confirmed,La Plaza Shoppes,23-Jan-2026,,ICE agents detained and kidnapped a restaurant worker as he arrived for work,Abduction(s) Occurred,Immigration and Customs Enforcement (ICE),2+,2+,CTN4078; CTN4125,,32.245722,-110.852850,31–60 days ago,Vehicle Stop_31–60 days ago
Vehicle Stop,Public Roadway,Confirmed,"Barrio Santa Rosa, Santa Rita Park",23-Jan-2026,10:58 AM,,Abduction(s) Occurred,Immigration and Customs Enforcement (ICE),3,3+,CTN4078; CTN4125; CBC9452; CWW1453,,32.206853,-110.973718,31–60 days ago,Vehicle Stop_31–60 days ago
Vehicle Stop,Government Office,Confirmed,Amphi,23-Jan-2026,11:01 AM,,Abduction(s) Occurred,ICE and/or Border Patrol (see affidavit),3+,3+,CWH4432; CWP3086,,32.265469,-110.975668,31–60 days ago,Vehicle Stop_31–60 days ago
Vehicle Stop,Public Roadway,Confirmed,Stella Mann,23-Jan-2026,12:04 PM,Vehicle stop conducted by ICE agents in at least one unmarked vehicle. One woman arrested and her vehicle was left there,Abduction(s) Occurred,Immigration and Customs Enforcement (ICE),3+,1+,CTN4125,,32.188036,-110.841160,31–60 days ago,Vehicle Stop_31–60 days ago
Stakeout/Surveillance,School,Credible Report But Unconfirmed,Barrio Viejo,27-Jan-2026,1:45 PM,Suspected ICE vehicles reported lurking near a school,Unknown or Not Applicable,Immigration and Customs Enforcement (ICE) [unconfirmed],Unknown,1+,,,32.215813,-110.974328,31–60 days ago,Stakeout/Surveillance_31–60 days ago
Stakeout/Surveillance,Residential Area,Credible Report But Unconfirmed,Dietz,27-Jan-2026,1:45 PM,Suspected ICE vehicles reported creeping around an apartment complex. No kidnappings reported,Attempted Abduction(s) — Unknown Outcome,Immigration and Customs Enforcement (ICE) [unconfirmed],Unknown,N/A,N/A,,32.202704,-110.837149,31–60 days ago,Stakeout/Surveillance_31–60 days ago
Vehicle Stop,Public Roadway,Confirmed,Barrio Hollywood,28-Jan-2026,12:00 PM,Vehicle stop conducted by a U.S. Border Patrol agent and another officer from an unknown agency in plain clothes. Two people were kidnapped.,Abduction(s) Occurred,U.S. Border Patrol,2,2,CWL6344; CWP3456,,32.234793,-110.986304,31–60 days ago,Vehicle Stop_31–60 days ago
Vehicle Stop,Residential Area,Credible Report But Unconfirmed,Los Ranchitos,29-Jan-2026,8:38 AM,Vehicle stop conducted by ICE agents in which one person was kidnapped,Abduction(s) Occurred,Unknown,Unknown,1+,,,32.139416,-110.943465,31–60 days ago,Vehicle Stop_31–60 days ago
Vehicle Stop,Commercial Area,Credible Report But Unconfirmed,Midvale Park,29-Jan-2026,12:36 PM,ICE vehicle stop in which one worker was detained and kidnapped,Abduction(s) Occurred,Immigration and Customs Enforcement (ICE),Unknown,1+,,,32.161286,-110.987897,31–60 days ago,Vehicle Stop_31–60 days ago
Stakeout/Surveillance,Commercial Area,Credible Report But Unconfirmed,Wakefield,29-Jan-2026,12:52 PM,ICE agents in unmarked vehicles seen hunting at a grocery store,Attempted Abduction(s) — Unknown Outcome,Immigration and Customs Enforcement (ICE),Unknown,2 (at least),,,32.186016,-110.969654,31–60 days ago,Stakeout/Surveillance_31–60 days ago
Unknown/Other,Commercial Area,Confirmed,El Con Mall,29-Jan-2026,3:04 PM,Border Patrol vehicle and officers spotted at a Home Depot,Attempted Abduction(s) — Unknown Outcome,US Border Patrol,3+,N/A,N/A,,32.224091,-110.913091,31–60 days ago,Unknown/Other_31–60 days ago
Vehicle Stop,Commercial Area,Confirmed,Barrio Hollywood,30-Jan-2026,8:30 AM,Vehicle stop conducted by multiple masked ICE agents in which one man was detained but released,No,Immigration and Customs Enforcement (ICE),Multiple,4-5,,,32.235193,-111.003243,31–60 days ago,Vehicle Stop_31–60 days ago
Vehicle Stop,Commercial Area,Confirmed,South Park (Tucson Marketplace),30-Jan-2026,9:19 AM,Vehicle stop conducted by at least three masked ICE agents at a Walmart in which one man was detained and kidnapped,Abduction(s) Occurred,Immigration and Customs Enforcement (ICE),3+,N/A,N/A,,32.186141,-110.952033,31–60 days ago,Vehicle Stop_31–60 days ago
Vehicle Stop,Commercial Area,Confirmed,Wakefield,31-Jan-2026,7:59 AM,Vehicle stop conducted by 3-4 masked ICE agents at a grocery store. One person was detained and kidnapped,Abduction(s) Occurred,Immigration and Customs Enforcement (ICE),3-4,2,,,32.186421,-110.970611,31–60 days ago,Vehicle Stop_31–60 days ago
Vehicle Stop,Commercial Area,Confirmed,South Tucson,31-Jan-2026,9:35 AM,Vehicle stop conducted by 3 masked ICE agents at in a McDonald's parking lot. One person was detained and kidnapped,Abduction(s) Occurred,Immigration and Customs Enforcement (ICE),3,2,,,32.199183,-110.967864,31–60 days ago,Vehicle Stop_31–60 days ago
Vehicle Stop,Public Roadway,Credible Report But Unconfirmed,"Eastland Heights, Barrio San Antonio",31-Jan-2026,11:14 AM,Vehicle stop conducted by suspected ICE agents. Reportedly one man was detained and kidnapped,Abduction(s) Occurred,Immigration and Customs Enforcement (ICE),4,2,,,32.216395,-110.945090,31–60 days ago,Vehicle Stop_31–60 days ago
Stakeout/Surveillance,Commercial Area,Confirmed,Wakefield,31-Jan-2026,12:29 PM,ICE agents in at least two unmarked vehicles spotted hunting at a grocery store parking lot. Community responde prevented any kidnappings,No,Immigration and Customs Enforcement (ICE); Tucson Police Department (TPD) and South Tucson TPD arrived later,5+,2,,,32.186269,-110.970347,31–60 days ago,Stakeout/Surveillance_31–60 days ago
Stakeout/Surveillance,Commercial Area,Credible Report But Unconfirmed,Wakefield,1-Feb-2026,6:52 AM,ICE agents hunting in. grocery store parking lot and harrassing a security guard,Attempted Abduction(s) — Unknown Outcome,Immigration and Customs Enforcement (ICE),Unknown,1+,,,32.186122,-110.969915,31–60 days ago,Stakeout/Surveillance_31–60 days ago
Vehicle Stop,Public Roadway,Credible Report But Unconfirmed,Sunnyside,1-Feb-2026,9:53 AM,Vehicle stop conducted by ICE agents. A family with kids reportedly detained; unknown whether anyone was kidnapped,Attempted Abduction(s) — Unknown Outcome,Immigration and Customs Enforcement (ICE),Unknown,2,CTN4125; CTN4078,,32.148662,-110.977548,31–60 days ago,Vehicle Stop_31–60 days ago
Stakeout/Surveillance,Commercial Area,Credible Report But Unconfirmed,Wakefield,4-Feb-2026,2:02 PM,Two unmarked ICE vehicles spotted hunting around a grocery store parking lot,Attempted Abduction(s) — Unknown Outcome,Immigration and Customs Enforcement (ICE),Multiple,2,,,32.186682,-110.972199,31–60 days ago,Stakeout/Surveillance_31–60 days ago
Stakeout/Surveillance,Commercial Area,Credible Report But Unconfirmed,Wakefield,4-Feb-2026,9:04 PM,ICE agents surveilling a grocery store parking lot,Attempted Abduction(s) — Unknown Outcome,Immigration and Customs Enforcement (ICE),Unknown,1+,,,32.185878,-110.969685,31–60 days ago,Stakeout/Surveillance_31–60 days ago
Vehicle Stop,Public Roadway,Confirmed,"Irvington, Riverfront Plaza, Casitas Del Sol",5-Feb-2026,7:20 AM,Vehicle stop conducted by ICE/HSI agents in which at least one person was reportedly detained,Abduction(s) Occurred,Immigration and Customs Enforcement (ICE) / Homeland Security Investigations (HSI) [part of ICE],3+,,,,32.163194,-110.991504,31–60 days ago,Vehicle Stop_31–60 days ago
Stakeout/Surveillance,Workplace or Business,Credible Report But Unconfirmed,Millville,5-Feb-2026,9:40 AM,ICE agent looking for someone at a construction job site. Outcome unknown.,Attempted Abduction(s) — Unknown Outcome,Unknown,1,1,,,32.209484,-110.956216,31–60 days ago,Stakeout/Surveillance_31–60 days ago
Stakeout/Surveillance,Residential Area,Confirmed,Dietz,6-Feb-2026,7:18 AM,ICE agents in at least two unmarked vehicles were spotted hunting at an apartment complex. Community response prevented any known kidnappings,No,Immigration and Customs Enforcement (ICE),2+,2 at least,CTN4078,,32.204731,-110.838488,31–60 days ago,Stakeout/Surveillance_31–60 days ago
Vehicle Stop,Commercial Area,Confirmed,Flowing Wells,6-Feb-2026,9:45 AM,"ICE agents in at least two unmarked vehicles followed someone to a business, waited outside while the person was inside, and then ambushed them when they emerged. One person was detained and kidnapped",Abduction(s) Occurred,Immigration and Customs Enforcement (ICE); Tucson Police Department (TPD) came later after being called by business,4+,2 at least,CTN4125; CTN4078,,32.271767,-110.994194,31–60 days ago,Vehicle Stop_31–60 days ago
Stakeout/Surveillance,Commercial Area,Confirmed,Flowing Wells,6-Feb-2026,10:10 AM,ICE agents in at least one unmarked vehicle were hunting at the Food City grocery store. They followed at least one person from this location and conducted a vehicle stop elsewhere,No,Immigration and Customs Enforcement (ICE),2+,1 at least,CTN4078,,32.278066,-110.995592,31–60 days ago,Stakeout/Surveillance_31–60 days ago
Vehicle Stop,Public Roadway,Confirmed,Flowing Wells,6-Feb-2026,10:28 AM,ICE agents in at least one unmarked vehicle conducted a vehicle stop after following someone from a grocery store. The person was detained but released,No,Immigration and Customs Enforcement (ICE),2+,1 at least,CTN4078,,32.267799,-110.995129,31–60 days ago,Vehicle Stop_31–60 days ago
Vehicle Stop,Public Roadway,Confirmed,Summit,7-Feb-2026,7:44 AM,Vehicle stop conducted by masked ICE agents in at least two unmarked vehicles. A legal resident who did not have his papers with him was kidnapped and taken to the ICE sub-office facility. After ICE ran a background check at the facility the man was released,No,Immigration and Customs Enforcement (ICE),2+,2 at least,,,32.064386,-110.956939,31–60 days ago,Vehicle Stop_31–60 days ago
Stakeout/Surveillance,Religious Site,Confirmed,Duffy,10-Feb-2026,2:09 PM,"U.S. Marshals in unmarked vehicles parked in a church's back lot, possibly conducting surveiillance or staging.",Unknown or Not Applicable,US Marshals (confirmed by church staff on scene),6,3,,,32.230273,-110.877194,31–60 days ago,Stakeout/Surveillance_31–60 days ago
Aerial Surveillance (Aircraft),Unknown/Other,Confirmed,"Las Vistas, Western Hills, South Park, etc",11-Feb-2026,2:58 PM,DHS/CBP surveillance plane (either N674TC or N51824) flying a surveillance operation over neighborhoods,Unknown or Not Applicable,CBP (or other DHS),Unknown,N/A,N/A,,32.190217,-110.930624,31–60 days ago,Aerial Surveillance (Aircraft)_31–60 days ago
Aerial Surveillance (Aircraft),Unknown/Other,Confirmed,"Barrio Nopal, Elvira, Sunnyside, etc",11-Feb-2026,3:32 PM,DHS/CBP surveillance plane (either N674TC or N51824) flying a surveillance operation over neighborhoods,Unknown or Not Applicable,CBP (or other DHS),Unknown,N/A,N/A,,32.131933,-110.971252,31–60 days ago,Aerial Surveillance (Aircraft)_31–60 days ago
Vehicle Stop,Commercial Area,Confirmed,Wakefield,13-Feb-2026,4:56 PM,"Vehicle stop conducted by members of the State Gang Task Force (GIITEM). Unknown whether this incident was immigration-related, but GIITEM is involved in federal immigration enforcement",Abduction(s) Occurred,State Gang Task Force (GIITEM),Unknown,Unknown,N/A,,32.186045,-110.969736,31–60 days ago,Vehicle Stop_31–60 days ago
Vehicle Stop,Public Roadway,Credible Report But Unconfirmed,Los Ranchitos,16-Feb-2026,7:48 AM,Vehicle stop conducted by ICE agents in which at least one person was reportedly detained and kidnapped,Abduction(s) Occurred,Immigration and Customs Enforcement (ICE),2+,2-3,,,32.141314,-110.956208,31–60 days ago,Vehicle Stop_31–60 days ago
Unknown/Other,Unknown/Other,Confirmed,Downtown,17-Feb-2026,9:00 AM,"Unmarked ICE vehicle spotted parked and idling, with a sun visor in the windshield. No more details available",Unknown or Not Applicable,Immigration and Customs Enforcement (ICE),1+,1,BNV1839,,32.220567,-110.972444,31–60 days ago,Unknown/Other_31–60 days ago
Vehicle Stop,PubIic Roadway: Highway,Confirmed,South Tucson,17-Feb-2026,6:41 PM,Vehicle stop conducted by U.S. Border Patrol and Arizona DPS (state police) agents on Interstate 10. Outcome unknown,Attempted Abduction(s) — Unknown Outcome,"US Border Patrol, Arizona Department of Public Safety (AZDPS)",5+,2,,,32.192619,-110.977571,31–60 days ago,Vehicle Stop_31–60 days ago
Stakeout/Surveillance,Residential Area,Confirmed,Roger Park,18-Feb-2026,11:21 AM,ICE agents in at least two unmarked vehicles spotted hunting at an apartment complex. Community response likely prevented any kidnappings,No,Immigration and Customs Enforcement (ICE),2+,2+,CWL6437; CWW1873,,32.279231,-110.978249,31–60 days ago,Stakeout/Surveillance_31–60 days ago
Stakeout/Surveillance,Commercial Area,Confirmed,Limberlost,18-Feb-2026,12:03 PM,ICE agents in at least two unmarked vehicles spotted hunting in the Target parking lot after they left a nearby apartment complex. Community response likely prevented any kidnappings,No,Immigration and Customs Enforcement (ICE),2+,2+,CWL6437; CWW1873,,32.280184,-110.977279,31–60 days ago,Stakeout/Surveillance_31–60 days ago
Aerial Surveillance (Aircraft),Unknown/Other,Confirmed,South Tucson,18-Feb-2026,11:33 AM,DHS/CBP-operated surveillance helicopter N370SR flying a surveillance operation over neighborhoods,Unknown or Not Applicable,Department of Homeland Security (DHS) / U.S. Customs and Border Protection (CBP),Unknown,1,,,32.196579,-110.963809,31–60 days ago,Aerial Surveillance (Aircraft)_31–60 days ago
Stakeout/Surveillance,Residential Area,Confirmed,Roger Park,19-Feb-2026,8:36 AM,"ICE agents in at least 5 unmarked vehicles were hunting at an apartment complex. Eventually property management confronted agents in one of the vehicles (which had snuck through a keypad access gate into a parking lot for residents) and the agents left. No known kidnappings occurred, likely in part due to community responde",No,Immigration and Customs Enforcement (ICE),6+,5+,CWW1873; CPH4983; CTN4388; CWD1071; CTN4078,,32.279486,-110.978109,31–60 days ago,Stakeout/Surveillance_31–60 days ago
Vehicle Stop,Commercial Area,Confirmed,Midvale Park,19-Feb-2026,2:23 PM,Vehicle stop conducted by ICE agents. At least one person reportedly detained and kidnapped,Abduction(s) Occurred,Immigration and Customs Enforcement (ICE),2+,2-3,,,32.152544,-110.990396,31–60 days ago,Vehicle Stop_31–60 days ago
Vehicle Stop,Public Roadway,Confirmed,Keeling,20-Feb-2026,8:33 AM,Vehicle stop conducted by ICE agents in which one person was detained and kidnapped,Abduction(s) Occurred,Immigration and Customs Enforcement (ICE),3+,1,CBC9381,,32.258511,-110.963406,31–60 days ago,Vehicle Stop_31–60 days ago
Stakeout/Surveillance,Workplace or Business,Confirmed,Barrio Nopal,20-Feb-2026,5:20 PM,ICE agents in at least one unmarked vehicle conducting a stakeout/surveillance of a restaurant. Outcome unknown,Attempted Abduction(s) — Unknown Outcome,Immigration and Customs Enforcement (ICE),2+,1,CWS9671,,32.133638,-110.967785,31–60 days ago,Stakeout/Surveillance_31–60 days ago
Vehicle Stop,Public Roadway,Confirmed,Sunnyside,26-Feb-2026,1:57 PM,Vehicle stop conducted by four officers from an unknown agency in dark-colored clothing and tactical vests. No other details available,Attempted Abduction(s) — Unknown Outcome,Unknown,4+,1+,,,32.137207,-110.967890,15–30 days ago,Vehicle Stop_15–30 days ago
Unknown/Other,Public Roadway,Confirmed,Roberts,1-Mar-2026,6:03 PM,"Mysterious incident involving two uniformed Border Patrol agents in marked vehicles and another in plain clothes in an unmarked pickup truck with police lights. A chain was attached to the unmarked truck and it was used to tow an SUV with Sonoran plates, which the Border Patrol agents described as a “stranded motorist”. But Border Patrol agents are not permitted to tow civilian vehicles with chains, so we think either this was also an unmarked Border Patrol vehicle or it was the “ghost car” of someone who had already been kidnapped. ",Unknown or Not Applicable,US Border Patrol,3-5,1-3,R5A7D1A,,32.190341,-110.908913,15–30 days ago,Unknown/Other_15–30 days ago
Stakeout/Surveillance,Residential Area,Confirmed,Flowing Wells,3-Mar-2026,7:30 AM,Agent(s) in at least one unmarked vehicle were seen conducting surveillance at a mobile home park. Same vehicle would be seen in the area again the next day with a known ICE vehicle. Residents reported seeing similar surveillance vehicles multiple times over the previous two weeks.,Attempted Abduction(s) — Unknown Outcome,Immigration and Customs Enforcement (ICE),1+,1,BGX4457,,32.298253,-111.012002,15–30 days ago,Stakeout/Surveillance_15–30 days ago
Stakeout/Surveillance,Residential Area,Credible Report But Unconfirmed,Oracle Villa Estates,3-Mar-2026,4:35 PM,"ICE agents in three unmarked vehicles surveilled an apartment complex all day, eventually following someone as they left their apartment building and kidnapping them",Abduction(s) Occurred,Immigration and Customs Enforcement (ICE),3+,3,CWW1146,,32.322751,-110.971691,15–30 days ago,Stakeout/Surveillance_15–30 days ago
Stakeout/Surveillance,Residential Area,Confirmed,Flowing Wells,4-Mar-2026,7:28 AM,Agents in at least three unmarked vehicles were spotted doing surveillance in and around a mobile home park. At least one of these vehicles has been confirmed as an ICE vehicle. Residents reported seeing similar surveillance vehicles multiple times over the previous two weeks.,No,Immigration and Customs Enforcement (ICE),2-5+,2-5,BGX4457; CTN4078,,32.297565,-111.011989,15–30 days ago,Stakeout/Surveillance_15–30 days ago
Aerial Surveillance (Aircraft),Unknown/Other,Confirmed,"San Xavier Indian Reservation, Barrio Nopal, etc",4-Mar-2026,1:38 PM,DHS/CBP-operated surveillance helicopter N370SR flying a surveillance operation over neighborhoods,Attempted Abduction(s) — Unknown Outcome,Department of Homeland Security (DHS) / U.S. Customs and Border Protection (CBP),Unknown,N/A,N/A,,32.119548,-110.960816,15–30 days ago,Aerial Surveillance (Aircraft)_15–30 days ago
Vehicle Stop,Public Roadway,Confirmed,Millville,4-Mar-2026,6:27 PM,"Vehicle stop conducted by agents in five or more unmarked vehicles. At least two of these vehicles ran a red light at high speed before turning on their hidden police lights to initiate the stop. One agent was driving a pickup truck with Sonoran (Mexico) license plate. All agents in plain clothes and tactical vests. One man was detained and later released,",No,Immigration and Customs Enforcement (ICE),5+,5+,CWD1083; RGA 4LO; CWL5684; CWH4495,,32.207496,-110.949141,15–30 days ago,Vehicle Stop_15–30 days ago
Vehicle Stop,Commercial Area,Credible Report But Unconfirmed,Palo Verde,5-Mar-2026,9:58 AM,Vehicle stop conducted by four agents in plain clothes and tactical vests in three unmarked vehicles in the Walmart parking lot. Witnesses said the agents handcuffed and kidnapped a man and a boy who looked around 11 years old. One agent drove off in the kidnapped people's truck afterward,Abduction(s) Occurred,Immigration and Customs Enforcement (ICE),4,3,,,32.250666,110.911393,15–30 days ago,Vehicle Stop_15–30 days ago
Stakeout/Surveillance,Residential Area,Credible Report But Unconfirmed,Oracle Villa Estates,6-Mar-2026,9:52 AM,Credible reports of at least one unmarked police vehicle prowling an apartment complex where an ICE kidnapping had taken place three days prior. No reports of similar kidnappings here on this day,"Unknown or Not Applicable, Attempted Abduction(s) — Unknown Outcome",Unknown (likely Immigration and Customs Enforcement (ICE)),1+,1,CWW1714,,32.322736,-110.972435,15–30 days ago,Stakeout/Surveillance_15–30 days ago
Stakeout/Surveillance,Religious Site,Credible Report But Unconfirmed,Santa Rita Park,6-Mar-2026,4:09 PM,"Two unmarked vehicles, one with multiple agents in masks, observed prowling near a church/workers center.",Unknown or Not Applicable,Immigration and Customs Enforcement (ICE) [unconfirmed],3+,2,CPP8313,,32.205568,-110.973144,15–30 days ago,Stakeout/Surveillance_15–30 days ago
Vehicle Stop,Commercial Area,Credible Report But Unconfirmed,Rillito Park,11-Mar-2026,2:43 PM,Vehicle stop in a shopping center parking lot conducted by an officer in an unmarked vehicle wearing an unidentified tactical vest. No other details available,Unknown or Not Applicable,Unknown,1+,1+,,,32.283103,-110.980012,8–14 days ago,Vehicle Stop_8–14 days ago
Vehicle Stop,Public Roadway,Credible Report But Unconfirmed,Southland Park,12-Mar-2026,4:17 PM,Vehicle stop involving unknown agents in three unmarked vehicles,Attempted Abduction(s) — Unknown Outcome,Unknown,3+,3,,,32.146535,-110.956245,8–14 days ago,Vehicle Stop_8–14 days ago
Aerial Surveillance (Aircraft),Unknown/Other,Confirmed,South Park (Tucson Marketplace),12-Mar-2026,4:15 PM,DHS/CBP helicopter flying a surveillance operation over the Tucson Marketplace and surrounding neighborhoods,Unknown or Not Applicable,Department of Homeland Security (DHS) / U.S. Customs and Border Protection (CBP),Unknown,N/A,N/A,,32.186561,-110.954971,8–14 days ago,Aerial Surveillance (Aircraft)_8–14 days ago
Stakeout/Surveillance,Residential Area,Confirmed,Summit,12-Mar-2026,4:29 PM,"Unmarked vehicle with three ICE agents in masks surveilling a residential area. One agent threatened a community member who photographed the vehicle, trying unsuccessfully to open the person's vehicle door twice. When the ICE vehicle left it's stakeout spot, it was observed driving onto the nearby Morris Air National Guard Base",Attempted Abduction(s) — Unknown Outcome,Immigration and Customs Enforcement (ICE); Air National Guard (ICE agents retreated into the base through a secured gate),3+,1,CWL6437,,32.077335,-110.958846,8–14 days ago,Stakeout/Surveillance_8–14 days ago
Vehicle Stop,Public Roadway,Confirmed,Sunnyside / Southland Park,14-Mar-2026,3:53 PM,"Vehicle stop conducted by ICE agents, who kidnapped someone and left their vehicle",Abduction(s) Occurred,Immigration and Customs Enforcement (ICE),Unknown,Unknown,,,32.141286,-110.961559,8–14 days ago,Vehicle Stop_8–14 days ago
Stakeout/Surveillance,Residential Area,Credible Report But Unconfirmed,Nat'l City Northwest,16-Mar-2026,9:26 AM,Two unmarked vehicles spotted surveilling a neighborhood. A community member recognized ICE agents in one of the vehicles from a previous incident in which the agents had impersonated Tucson Electric Power (TEP) workers,Unknown or Not Applicable,Immigration and Customs Enforcement (ICE),2+,2,,,32.163741,-110.973738,8–14 days ago,Stakeout/Surveillance_8–14 days ago
Aerial Surveillance (Aircraft),Unknown/Other,Confirmed,"Barrio Santa Rosa, Santa Rita Park, etc",16-Mar-2026,11:06 AM,"DHS/CBP-operated surveillance plane (likely N51824, or possibly N674TC) flying a surveillance operation over neighborhoods",Unknown or Not Applicable,Department of Homeland Security (DHS) / U.S. Customs and Border Protection (CBP),Unknown,N/A,N/A,,32.206731,-110.978262,8–14 days ago,Aerial Surveillance (Aircraft)_8–14 days ago
Stakeout/Surveillance,Residential Area,Credible Report But Unconfirmed,Summit,17-Mar-2026,8:30 AM,Unmarked vehicles conducting surveillance in a neighborhood,Attempted Abduction(s) — Unknown Outcome,Immigration and Customs Enforcement (ICE),Unknown,1,,,32.066781,-110.931246,Within the past week,Stakeout/Surveillance_Within the past week